severity,section,addr,type_note,current_replace,proposed_fix
high,story,08073DFE,"Messiah Church revive-service result line. JP '＞灰に　なってしまった' = 'turned to ash' (the worse-than-failure revive outcome, appearing right after '失敗してしまった' = 'Didn't work!'). EN renders it 'Fell asleep!', which is invented and gives the player factually wrong feedback about a catastrophic/permanent-loss revival result (灰=ash, not sleep). Sibling result line 'Didn't work!' drops the JP '＞' cursor marker, so the fix stays label-free for consistency. Preserves the {=0f035e3c0708} opcode prefix + {PAGE}/{WAIT}.","Welcome to the Mesia church,{n}here in God's presence.{WAIT}{PAGE}This church serves all those{n}who believe in God.{WAIT}{PAGE}For a small donation, we offer{n}the following services.{WAIT}{PAGE}Full Heal performs Heal, Cure, Revive, and Remove Curse{n}all at once.{WAIT}{PAGE}Heal fully restores{n}HP and MP.{WAIT}{PAGE}Cure returns minor status{n}ailments to a healthy state.{WAIT}{PAGE}Revive restores those in DEAD{n}or DYING status.{WAIT}{PAGE}Remove Curse restores those in{n}CURSE, BAT, or FLY status.{WAIT}{PAGE}Buy Items lets you purchase various goods we have prepared. Use them in battle{n}or while traveling.{WAIT}{PAGE}May God be with you always.{WAIT}{PAGE}{=0f03d03d0708}{PAGE}The status ailments are{n}as follows.{WAIT}{PAGE}・HAPPY A state of bliss; behavior is unpredictable. May recover on{n}its own each turn.{WAIT}{PAGE}・PANIC A state of confusion; behavior{n}is unpredictable.{WAIT}{PAGE}This state also recovers{n}after battle.{WAIT}{PAGE}May recover on its own{n}each turn.{WAIT}{PAGE}・CLOSE No magic can be used. Unless cured, this state persists{n}even after battle.{WAIT}{PAGE}・SHOCK Electrocution from Zio-type magic and the like. Unable to{n}act until it wears off.{WAIT}{PAGE}Recovers automatically{n}on the next turn.{WAIT}{PAGE}・FREEZE Frozen by Bufu-type magic. Unable to act until it wears{n}off after a few turns.{WAIT}{PAGE}・BIND Paralyzing bind. May recover{n}on its own each turn.{WAIT}{PAGE}If you are bound, you cannot talk to demons or use the COMP,{n}so take care.{WAIT}{PAGE}・SLEEP Asleep and unable to act. May{n}recover on its own each turn.{WAIT}{PAGE}・CHARM Charmed into attacking allies. May recover on its own{n}each turn.{WAIT}{PAGE}・CURSE Cursed. Take 1 damage for{n}every 4 steps you walk.{WAIT}{PAGE}It can only be removed at a healing facility, making it{n}very dangerous.{WAIT}{PAGE}・BAT The body becomes a bat. Drains 1 HP from your allies with{n}every step taken.{WAIT}{PAGE}It can only be removed{n}at a healing facility.{WAIT}{PAGE}・FLY The body becomes a fly. Max HP and MP plummet, and no{n}experience can be gained.{WAIT}{PAGE}Speed also becomes 40, but{n}all other stats become 1.{WAIT}{PAGE}It can only be removed{n}at a healing facility.{WAIT}{PAGE}・POISON Poisoned. Take 1 damage for every 4 steps. Does not{n}recover on its own.{WAIT}{PAGE}・PALYZE Paralyzed and unable to act. Take 1 damage for{n}every 2 steps.{WAIT}{PAGE}If you are paralyzed, you cannot talk to demons or use{n}the COMP, so take care.{WAIT}{PAGE}・STONE Petrified and unable to act at all. Does not recover{n}on its own.{WAIT}{PAGE}If all non-demon party members are petrified, it is{n}all over.{WAIT}{PAGE}・UNDEAD A DEAD ally being controlled{n}by Necroma magic.{WAIT}{PAGE}Returns to DEAD when{n}the battle ends.{WAIT}{PAGE}・DYING Near death. A human character{n}whose HP has dropped to 0.{WAIT}{PAGE}・DEAD Deceased. Allies enter this state at 0 HP and return to{n}the COMP at once.{WAIT}{PAGE}{=0f03d03d0708}{PAGE}HP and MP are{n}fully restored.{WAIT}{PAGE}The cost of healing varies{n}with the total amount restored.{WAIT}{PAGE}{=0f03d03d0708}{PAGE}Among status ailments, CURSE, BAT, and FLY cannot be cured{n}by healing magic or items.{WAIT}{PAGE}Restoring health from these three is called removing{n}a curse.{WAIT}{PAGE}This can only be done at{n}a healing facility.{WAIT}{PAGE}{=0f03d03d0708}{PAGE}Restoring health from DEAD or{n}DYING is called revival.{WAIT}{PAGE}In these states, one cannot fight at all, making it hard{n}to press onward.{WAIT}{PAGE}Allies in these states can be{n}summoned again once revived.{WAIT}{PAGE}{=0f03d03d0708}{=38040100f84a0708}{PAGE}＞Revive whom?{=6203363d0708bc4a0708d84a0708}{=0f035e3c0708}{PAGE}Didn't work!{WAIT}{=0f035e3c0708}{PAGE}Fell asleep!{WAIT}{=0f035e3c0708}{PAGE}Everyone is alive and well...{WAIT}{=0f035e3c0708}{=c7030100}{PAGE}May God's protection{n}be with you.{WAIT}",{=0f035e3c0708}{PAGE}Turned to ash...{WAIT}
high,story,08074C9C,Same revive-service 'turned to ash' result line as 08073DFE (a duplicate copy at another church/menu instance). JP '＞灰に　なってしまった' mistranslated as 'Fell asleep!'. Invented benign outcome where JP signals the body crumbled to ash. Preserves the {=0f03284c0708} opcode prefix + {PAGE}/{WAIT}.,"Have you heard of our{n}Gaia temple?{WAIT}{PAGE}This is a place that those who{n}prize freedom may use freely.{WAIT}{PAGE}Though we charge ћ1000 to LAW types who don't grasp the{n}worth of freedom.{WAIT}{PAGE}Full Heal performs Heal, Cure, Revive, and Remove Curse{n}all at once.{WAIT}{PAGE}Heal fully restores{n}HP and MP.{WAIT}{PAGE}Cure returns minor status{n}ailments to a healthy state.{WAIT}{PAGE}Revive restores those in DEAD{n}or DYING status.{WAIT}{PAGE}Remove Curse restores those in{n}CURSE, BAT, or FLY status.{WAIT}{PAGE}Buy Items lets you purchase various goods we have{n}prepared.{WAIT}{PAGE}Use them as you see fit.{WAIT}{PAGE}{=0f03704c0708}{PAGE}The status ailments are{n}as follows.{WAIT}{PAGE}・HAPPY A state of bliss; behavior is unpredictable. May recover on{n}its own each turn.{WAIT}{PAGE}・PANIC A state of confusion; behavior is unpredictable. May recover{n}on its own each turn.{WAIT}{PAGE}This state also recovers{n}after battle.{WAIT}{PAGE}・CLOSE No magic can be used. Unless cured, this state persists{n}even after battle.{WAIT}{PAGE}・SHOCK Electrocution from Zio-type magic. Unable to act; recovers{n}on the next turn.{WAIT}{PAGE}・FREEZE Frozen by Bufu-type magic. Unable to act until it wears{n}off after a few turns.{WAIT}{PAGE}・BIND Paralyzing bind. May recover{n}on its own each turn.{WAIT}{PAGE}If you are bound, you cannot talk to demons or use the COMP,{n}so watch yourself.{WAIT}{PAGE}・SLEEP Asleep and unable to act. May{n}recover on its own each turn.{WAIT}{PAGE}・CHARM Charmed into attacking allies. May recover on its own{n}each turn.{WAIT}{PAGE}・CURSE Cursed. Take 1 damage for{n}every 4 steps you walk.{WAIT}{PAGE}It can only be removed at a healing facility, making it{n}very dangerous.{WAIT}{PAGE}・BAT The body becomes a bat. Drains 1 HP from your allies with{n}every step taken.{WAIT}{PAGE}It can only be removed{n}at a healing facility.{WAIT}{PAGE}・FLY The body becomes a fly. Max HP and MP plummet, and no{n}experience can be gained.{WAIT}{PAGE}Speed becomes 40, but all other stats become 1. Only{n}removable at a healing facility.{WAIT}{PAGE}・POISON Poisoned. Take 1 damage for every 4 steps. Does not{n}recover on its own.{WAIT}{PAGE}・PALYZE Paralyzed and unable to act. Take 1 damage for{n}every 2 steps.{WAIT}{PAGE}If you are paralyzed, you cannot talk to demons or use{n}the COMP, so watch yourself.{WAIT}{PAGE}・STONE Petrified and unable to act at all. Does not recover{n}on its own.{WAIT}{PAGE}If all non-demon party members{n}are petrified, it is all over.{WAIT}{PAGE}・UNDEAD A DEAD ally controlled by Necroma magic. Returns to DEAD{n}when the battle ends.{WAIT}{PAGE}・DYING Near death. A human character{n}whose HP has dropped to 0.{WAIT}{PAGE}Cannot take part in battle and{n}does not recover on its own.{WAIT}{PAGE}・DEAD Deceased. Allies enter this state at 0 HP and return to{n}the COMP at once.{WAIT}{PAGE}{=0f03704c0708}{PAGE}HP and MP are{n}fully restored.{WAIT}{PAGE}The cost of healing varies{n}with the total amount restored.{WAIT}{PAGE}{=0f03704c0708}{PAGE}Among status ailments, CURSE, BAT, and FLY cannot be cured{n}by healing magic or items.{WAIT}{PAGE}Restoring health from these three is called removing{n}a curse.{WAIT}{PAGE}This can only be done at{n}a healing facility.{WAIT}{PAGE}{=0f03704c0708}{PAGE}Restoring health from DEAD or{n}DYING is called revival.{WAIT}{PAGE}In these states, one cannot fight at all, making it hard{n}to press onward.{WAIT}{PAGE}Allies in these states can be{n}summoned again once revived.{WAIT}{PAGE}{=0f03704c0708}{=38040500de580708}{PAGE}＞Heal whom?{=c50320590708e6590708025a0708}{=0f03284c0708}{PAGE}All are in fine health.{WAIT}{=0f03284c0708}{=3804020038590708}{PAGE}＞Heal whom?{=600320590708}{=0f03284c0708}{PAGE}You don't have enough (Macca).{WAIT}{=0f03284c0708}{PAGE}All are in fine health.{WAIT}{=0f03284c0708}{=3403}‐{=0f03284c0708}{=3804030082590708}{PAGE}＞Cure whom?{=610320590708}{=0f03284c0708}{PAGE}All are in fine health.{WAIT}{=0f03284c0708}{=38040100cc590708}{PAGE}＞Revive whom?{=620320590708e6590708025a0708}{=0f03284c0708}{PAGE}All are alive and well.{WAIT}{=0f03284c0708}{PAGE}Didn't work!{WAIT}{=0f03284c0708}{PAGE}Fell asleep!{WAIT}{=0f03284c0708}{PAGE}May chaos come upon{n}this world.{WAIT}{=c7030300}{=2f04}",{PAGE}Turned to ash...{WAIT}{=0f03284c0708}
high,story,08075C64,Same revive 'turned to ash' result line (another duplicate instance; first-pass flagged medium but the error is identical to the high copies — player-facing wrong feedback on a permanent-loss outcome). JP '灰になってしまった' rendered 'Fell asleep!'. Preserves the {=0f03e85b0708} opcode prefix + {PAGE}/{WAIT}.,"You wanna know about the Repair Garaaage?{WAIT}{PAGE}Our doors are open to one and aaall!{WAIT}{PAGE}Full Heal does Heal, Cure, Revive, and Uncurse all at ooonce!{WAIT}{PAGE}Heal fills your HP and MP right uuup!{WAIT}{PAGE}Cure fixes minor status ailments and makes you healthy agaaain!{WAIT}{PAGE}Revive brings you back from DEAD or DYING!{WAIT}{PAGE}Uncurse undoes CURSE, BAT, and FLY!{WAIT}{PAGE}Buy Items lets you buy some goods we stock! Mostly stuff you use in battle!{WAIT}{PAGE}Everything's niiice and cheap!{WAIT}{PAGE}So come on in and take your tiiime!{WAIT}{PAGE}{=0f03385c0708}{PAGE}Here's the rundown on status ailments!{WAIT}{PAGE}- HAPPY{n}Pure bliss! Actions become unpredictable! Has a chance to wear off each turn!{WAIT}{PAGE}- PANIC{n}Confusion! Actions become unpredictable! Has a chance to wear off each turn!{WAIT}{PAGE}- CLOSE{n}No magic at all! It stays even after battle unless cured!{WAIT}{PAGE}- SHOCK{n}Electrocuted by Zio magic and such! Can't act until it wears off!{WAIT}{PAGE}It wears off on the next turn!{WAIT}{PAGE}- FREEZE{n}Frozen by Bufu magic! Can't act until it wears off, buuut{WAIT}{PAGE}it goes away on its own after a few turns!{WAIT}{PAGE}- BIND{n}Paralyzed in place! Has a chance to wear off each turn!{WAIT}{PAGE}If YOU get bound, you can't talk to demons or use the COMP, so watch ooout!{WAIT}{PAGE}- SLEEP{n}Fast asleep and unable to act! Has a chance to wear off each turn!{WAIT}{PAGE}- CHARM{n}Charmed into attacking your own friends!{WAIT}{PAGE}Has a chance to wear off each turn!{WAIT}{PAGE}- CURSE{n}Cursed! You take 1 damage every 4 steps!{WAIT}{PAGE}Only a healing facility can remove it, so it's suuuper dangerous!{WAIT}{PAGE}- BAT{n}Your body turns into a bat! It drains 1 HP from your allies every step!{WAIT}{PAGE}Only a healing facility can remove it! Dangerous!{WAIT}{PAGE}- FLY{n}Your body turns into a fly! Max HP and MP plummet and you get no EXP!{WAIT}{PAGE}Your Speed becomes 40, but everything else drops to 1!{WAIT}{PAGE}Only a healing facility can remove it!{WAIT}{PAGE}- POISON{n}Poisoned! You take 1 damage every 4 steps! It won't go away on its own!{WAIT}{PAGE}- PALYZE{n}Paralyzed and unable to act! You take 1 damage every 2 steps!{WAIT}{PAGE}If YOU get paralyzed, you can't talk to demons or use the COMP, so watch ooout!{WAIT}{PAGE}- STONE{n}Petrified and unable to act! It won't go away on its own!{WAIT}{PAGE}If your whole human party turns to stone, it's all over!{WAIT}{PAGE}- UNDEAD{n}A DEAD ally demon being puppeted by Necroma magic!{WAIT}{PAGE}They go back to DEAD when the battle ends!{WAIT}{PAGE}- DYING{n}At death's door! A human character whose HP hit 0!{WAIT}{PAGE}- DEAD{n}Dead as can be!{WAIT}{PAGE}Ally demons whose HP hits 0 become DEAD and return to the COMP right away!{WAIT}{PAGE}{=0f03385c0708}{PAGE}Restores all your HP and MP!{WAIT}{PAGE}The price depends on how much there is to heal!{WAIT}{PAGE}{=0f03385c0708}{PAGE}CURSE, BAT, and FLY can't be fixed with healing magic or items!{WAIT}{PAGE}Getting healthy again from those three is called Uncursing!{WAIT}{PAGE}Only a healing facility can do it!{WAIT}{PAGE}{=0f03385c0708}{PAGE}Getting healthy again from DEAD or DYING is Reviving!{WAIT}{PAGE}In those states you can't fight at all, so it gets hard to push on!{WAIT}{PAGE}Revive a DEAD ally demon and you can summon it again!{WAIT}{PAGE}{=0f03385c0708}{=38040500c2690708}{PAGE}＞Whooo shall I heal?{=c5030c6a0708cc6a0708e86a0708}{=0f03e85b0708}{PAGE}Everyone's A-OK!{WAIT}{=0f03e85b0708}{=38040200246a0708}{PAGE}＞Whooo shall I heal?{=60030c6a0708}{=0f03e85b0708}{PAGE}You don't have enough (Macca).{WAIT}{=0f03e85b0708}{PAGE}Everyone's A-OK!{WAIT}{=0f03e85b0708}{=3403}／{=0f03e85b0708}{=38040300786a0708}{PAGE}＞Whooo shall I cure?{=61030c6a0708}{=0f03e85b0708}{PAGE}Everyone's A-OK!{WAIT}{=0f03e85b0708}{=38040100086b0708}{PAGE}＞Whooo shall I revive?{=62030c6a0708cc6a0708e86a0708}{=0f03e85b0708}{PAGE}Didn't work!{WAIT}{=0f03e85b0708}{PAGE}Fell asleep!{WAIT}{=0f03e85b0708}{PAGE}Everyone's A-OK!{WAIT}{=0f03e85b0708}{PAGE}Thank yooou very muuuch!{WAIT}{=c7030300}",{=0f03e85b0708}{PAGE}Turned to ash...{WAIT}
high,story,08076C90,"Same revive 'turned to ash' result line, duplicate instance. JP '＞灰に　なってしまった' rendered 'Fell asleep!' (invented benign outcome; 灰になる = turned to ashes). Preserves the {=0f03d26e0708} opcode prefix + {PAGE}/{WAIT}.",＞Who shall I heal?{=c503ba6c0708ca6d0708e66d0708}{=0f03d26e0708}{PAGE}You don't have enough (Macca).{WAIT}{=0f03d26e0708}{PAGE}Everyone's just fiiine!{WAIT}{=0f03d26e0708}{=380402001a6d0708}{PAGE}＞Who shall I heal?{=6003ba6c0708}{=0f03d26e0708}{PAGE}Everyone's just fiiine!{WAIT}{=0f03d26e0708}{=38040300626d0708}{PAGE}＞Who shall I cure?{=6103ba6c0708}{=0f03d26e0708}{PAGE}Everyone's just fiiine!{WAIT}{=0f03d26e0708}{PAGE}Let me explain!{WAIT}{PAGE}{=0f03d26e0708}{=38040100066e0708}{PAGE}＞Who shall I revive?{=6203ba6c0708ca6d0708e66d0708}{=0f03d26e0708}{PAGE}Didn't work!{WAIT}{=0f03d26e0708}{PAGE}Fell asleep!{WAIT}{=0f03d26e0708}{PAGE}Everyone's aliiive!{WAIT}{=0f03d26e0708}{=c7030100}{PAGE}Come agaaain!{WAIT},{PAGE}Turned to ash...{WAIT}
high,story,08076FD4,"Same revive 'turned to ash' result line, duplicate instance. JP '＞灰に　なってしまった' rendered 'Fell asleep!'. Real mistranslation, not localization. Preserves the {PAGE}/{WAIT} structure (no leading opcode on this copy of the line).",＞Who shall I heal?{=c503fe6f0708327107084e710708}{=0f03c2720708}{PAGE}You don't have enough (Macca).{WAIT}{=0f03c2720708}{PAGE}Everyone's just fiiine!{WAIT}{=0f03c2720708}{=380402005e700708}{PAGE}＞Who shall I heal?{=6003fe6f0708}{=0f03c2720708}{PAGE}Everyone's just fiiine!{WAIT}{=0f03c2720708}{=38040300a6700708}{PAGE}＞Who shall I cure?{=6103fe6f0708}{=0f03c2720708}{PAGE}Everyone's just fiiine!{WAIT}{=0f03c2720708}{=0f03c2720708}{PAGE}Let me explain!{WAIT}{PAGE}{=0f03c2720708}{=3804010014710708}{PAGE}＞Who shall I revive?{=6203fe6f0708327107084e710708}{=0f03c2720708}{PAGE}Everyone's aliiive!{WAIT}{=0f03c2720708}{PAGE}Didn't work!{WAIT}{=0f03c2720708}{PAGE}Fell asleep!{WAIT}{=0f03c2720708}{=c7030200}{PAGE}Come agaaain!{WAIT},{PAGE}Turned to ash...{WAIT}
high,story,0807738C,"Same revive 'turned to ash' result line, duplicate instance. JP '＞灰に　なってしまった' rendered 'Fell asleep!'. Real mistranslation. Preserves the {PAGE}/{WAIT} structure.",＞Who shall I heal?{=c503b6730708e474070800750708}{=0f03a0750708}{PAGE}You don't have enough (Macca).{WAIT}{=0f03a0750708}{PAGE}Everyone's just fiiine!{WAIT}{=0f03a0750708}{=3804020016740708}{PAGE}＞Who shall I heal?{=6003b6730708}{=0f03a0750708}{PAGE}Everyone's just fiiine!{WAIT}{=0f03a0750708}{=380403005e740708}{PAGE}＞Who shall I cure?{=6103b6730708}{=0f03a0750708}{PAGE}Everyone's just fiiine!{WAIT}{=0f03a0750708}{PAGE}Let me explain!{WAIT}{PAGE}{=0f03a0750708}{=38040100c6740708}{PAGE}＞Who shall I revive?{=6203b6730708e474070800750708}{=0f03a0750708}{PAGE}Everyone's aliiive!{WAIT}{=0f03a0750708}{PAGE}Didn't work!{WAIT}{=0f03a0750708}{PAGE}Fell asleep!{WAIT}{=0f03a0750708}{=c7030300}{PAGE}Come agaaain!{WAIT},{PAGE}Turned to ash...{WAIT}
high,dialogue,08093A64,"JP: ホエッ？{n}わかんなーい！ = ""Eh?{n}I don't understand!"". The EN tacks ""YOU MAKE NO SENSE!"" run-on (no {n}/{PAGE}) onto ""understand!"". Searched whole file: ""YOU MAKE NO SENSE!"" appears nowhere else and has no JP basis here — invented content rendered run-together inside one window. Real.",Eh? I don't{n}understand!YOU MAKE NO SENSE!,Eh? I don't{n}understand!
high,dialogue,08093D58,"JP is the four-char idiom 有言実行 (follow through on your word). The EN's second sentence ""Are you unsatisfied with yourself?"" is verbatim the EN of the following separate entry 08093D62 (今の自分に満足してないのか？), leaked in run-together with no boundary. ""Think first."" is a loose-but-acceptable gloss; the leaked duplicate is the real error. Keeping the existing first-sentence rendering and stripping the leak.",Think first.Are you unsatisfied{n}with yourself?,Think first.
high,dialogue,0809411E,"JP: みんな　お前にやられた{n} = ""Everyone was defeated by you!"". The EN's ""Cursed Devil Buster!"" is verbatim the EN of the following separate entry 08094138 (デビルバスターめ！); file search shows that string occurs exactly on 08094138 (legit) and here (leaked), run-together with no break. Real duplicate/hallucination.",You killed everyone!Cursed Devil Buster!,You killed everyone!{n}
high,dialogue,0809A726,"JP: 貴様……{n}あくまで戦おうというのか！ = ""You...{n}So you intend to fight to the bitter end?!"". あくまで (飽くまで, adverb ""to the last / persistently"") was misread as 悪魔 (akuma = demon); the EN ""you fight using demons!?"" invents ""demons"" and changes the meaning. Genuine false-friend mistranslation, not localization.",You.. you fight using{n}demons!?,You..{n}so you really intend to fight!?
high,dialogue,0809AC0A,"JP: 誘っているようだ = ""It seems to be inviting/luring (you)"". Adjacent context (1072: 手まねきをしている？ = ""beckoning?"") confirms the invite/lure reading. The EN ""looks like it mistrusts you"" is unrelated to 誘う and contradicts the JP. Genuine mistranslation.",looks like it{n}mistrusts you.,It seems to be{n}luring you.
high,dialogue,0809B6AC,"JP: 仲魔の具合が　悪い様だ……{n}早く何とかして　やってくれ = ""My ally's condition seems bad...{n}Hurry and do something for him."". The EN is truncated to the fragment ""My ally's condition does"" — verb/object cut off and the entire second clause (早く何とかして　やってくれ) dropped. Player sees a broken fragment. Real dropped-content bug.",My ally's condition does,My ally's condition does{n}not look good...{n}Hurry and do something for him.
high,dialogue,0809C0D2,"ORIG is only the single line 私に命令できるのは{n}主 おひとりのみ！ ('The only one who can command me is my Lord/God alone!'). The EN appends 'I will not follow your commands!', which is verbatim the EN of the SEPARATE next entry 0809C0FC (JP 貴様の命令は 受けぬ！, replace='I will not follow{n}your commands!'). It is glued run-together with no space/break ('...is God!I will not follow'), so a foreign turn is duplicated into this window. Confirmed against dialogue.json idx 1254 vs idx 1255.",The only one that can{n}order me is God!I will not follow{n}your commands!,The only one that can{n}order me is God!
high,dialogue,080A0478,"JP is one short line つっぱっちゃって かわいいー❤︎ ('how cute, getting all uppity'). The EN repeats the localized line twice back-to-back AND then appends 'I shall not die so easily!', which is the EN of the next entry 080A0498 (JP むざむざ 殺されはせぬぞえ！). Duplicated line + foreign turn run together in one window with no {PAGE}/{WAIT}. Confirmed against dialogue.json idx 1824 vs idx 1825.","Ooh, you're so cute when{n}you get like that!🖤Ooh, you're so cute when{n}you get like that!🖤I shall not die{n}so easily!","Ooh, you're so cute when{n}you get like that!🖤"
high,dialogue,080A0994,"JP first window is only the trailing fragment あなたって ('You.../As for you...'), then {PAGE}, then 悪魔をどう思ってるの？. The EN first window fabricates an entire question ('So, do you want to coexist with demonkind peacefully?') absent from the JP; the second window's 'what do you think of demons?' is correct. Structural tokens {WAIT}{PAGE} are intact, so only the first window's invented content needs replacing.","So, do you want to{n}coexist with demonkind{n}peacefully?{WAIT}{PAGE}what do you think of demons?",You...{WAIT}{PAGE}what do you think of demons?
medium,story,08028F9E,"Confirmed. JP first Temple Knight turn is 'テンプルナイト：{n}女の子か？{WAIT}{PAGE}人間か？{WAIT}{PAGE}' (two questions: 'A girl?' then 'A human?'). EN renders 'Temple Knight:{WAIT}{PAGE}A human?{WAIT}{PAGE}' — the first window is an empty 'Temple Knight:' label (no {n}, no text) and the distinct question 女の子か？('A girl?') is dropped. Both the empty-window defect and the lost question are real.","Temple Knight:{WAIT}{PAGE}Who's there?{WAIT}{PAGE}{=0403000021000a28}{=040341002e000a78}Nadja:{n}Huh?{WAIT}{PAGE}{=0403400021000a28}{=040301002e000a78}Temple Knight:{WAIT}{PAGE}A human?{WAIT}{PAGE}{=0403000021000a28}{=040341002e000a78}Nadja:{n}......{WAIT}{PAGE}{=0403400021000a28}{=040301002e000a78}Temple Knight:{n}Hmm... no, you're not.{WAIT}{PAGE}A fairy, then...{WAIT}{PAGE}Hm... this might be just the chance.{WAIT}{PAGE}Hey...{n}I'd like a word with you.{WAIT}{PAGE}{=0403000021000a28}{=040341002e000a78}Nadja:{n}A ""test subject""?{WAIT}{PAGE}{=0403400021000a28}{=040301002e000a78}Temple Knight:{WAIT}{PAGE}{=0403000021000a28}{=040341002e000a78}Nadja:{n}Heeheehee!{WAIT}{PAGE}{=0403400021000a28}{=040301002e000a78}Temple Knight:{n}I-I just want to talk,{n}that's all...{WAIT}{PAGE}{=0403000021000a28}{=040341002e000a78}Nadja:{n}Oh? And what will you do{n}once you get close?{WAIT}{PAGE}{=0403400021000a28}{=040301002e000a78}Temple Knight:{n}I told you, just talk...{WAIT}{PAGE}{=0403000021000a28}{=040341002e000a78}Nadja:{n}Tee hee.{WAIT}{PAGE}You're carrying nerve bullets,{n}aren't you?{WAIT}{PAGE}{=0403400021000a28}{=040301002e000a78}Temple Knight:{n}......{WAIT}{PAGE}{=0403000021000a28}{=040341002e000a78}Nadja:{n}You're way too easy to read.{WAIT}{PAGE}So simple-minded.{WAIT}{PAGE}Not very popular with{n}women, are you?{WAIT}{PAGE}{=0403400021000a28}{=040301002e000a78}Temple Knight:{n}Wha...!{WAIT}{PAGE}{=0403000021000a28}{=040341002e000a78}Nadja:{n}Oh my, now you're angry.{WAIT}{PAGE}Now you'll attack me with{n}that sword, hm?{WAIT}{PAGE}""Catch her off guard and slash her legs,""{n}is that it?{WAIT}{PAGE}Oh, how scary.{WAIT}{PAGE}You want to capture me and make{n}me a test subject, don't you?{WAIT}{PAGE}{=0403400021000a28}{=040301002e000a78}Temple Knight:{n}I see... you...{n}you can read minds!{WAIT}{PAGE}{=0403000021000a28}{=040341002e000a78}Nadja:{n}And if I can, what then?{WAIT}{PAGE}{=0403400021000a28}{=040301002e000a78}Temple Knight:{n}Then whatever it takes...{WAIT}{PAGE}Ah!{WAIT}{PAGE}{=04030200ab000a28}{=58034000}{=2b030200}{=58031000}{=2b030000}{=08041a00}{=2b03ff00}{=0403000021000a28}{=05030b01}Nadja:{n}Tee hee.{WAIT}{PAGE}What an idiot.{WAIT}{PAGE}As if I'd stick around someone{n}thinking things like that!{WAIT}{PAGE}Nyeh!{WAIT}{PAGE}{=08041a00}{=2b03ff00}{=040301002e000a50}{=05030301}Temple Knight:{n}......{WAIT}{PAGE}{=08042200}{=2b03ff00}......{WAIT}",Temple Knight:{n}A girl?{WAIT}{PAGE}A human?{WAIT}{PAGE}
medium,story,08030AA8,"Confirmed. JP 'テンプルナイト：{n}はっ{WAIT}' (a curt acknowledgment 'Yes, sir!'/'At once!') after the Bishop's 御苦労でした. EN renders '{=0403400025000a50}{=040302002e000a28}Temple Knight:{WAIT}{PAGE}' with no text and no {n} — the reply is dropped, leaving an empty 'Temple Knight:' window on screen. Same empty-labeled-window defect as 08022802. (The Bishop's adjacent paraphrase '...I see. Thank you for bringing this to my attention.' for 御苦労でした is acceptable localization and not flagged.)","What are you doing?{WAIT}{PAGE}What in the world are{n}you about to do?{WAIT}{PAGE}{=040301002f000a48}{=0403420012000a78}Temple Knight:{n}Lord {ZAYIN},{n}that is a traitor.{WAIT}{PAGE}He would not heed the Center, so we had him confined{n}in the camps,{WAIT}{PAGE}but he escaped, so he is{n}now to be executed.{WAIT}{PAGE}{=040341002f000a48}{=0403020012000a78}{ZAYIN}:{n}Executed?{WAIT}{PAGE}Hey! He's barely more{n}than a child!{WAIT}{PAGE}How could a child like{n}that be a traitor?!{WAIT}{PAGE}{=040301002f000a48}{=0403420012000a78}Temple Knight:{n}......{WAIT}{PAGE}I am only following the{n}Bishop's orders.{WAIT}{PAGE}{=040341002f000a48}{=0403020012000a78}{ZAYIN}:{n}Ngh!{WAIT}{PAGE}The Bishop... where is he...{WAIT}{PAGE}{=08042200}{=2b03ff00}{=52030e00}{=0403000025000a50}{=05033d00}{=52036b00}{=5803b400}{=0403400025000a50}{=0403010012000a78}{ZAYIN}:{n}Bishop!{WAIT}{PAGE}{=0403000025000a50}{=0403410012000a78}Bishop:{n}Why, Sir {ZAYIN}.{n}What is the matter?{WAIT}{PAGE}{=0403400025000a50}{=0403010012000a78}{ZAYIN}:{n}Stop that execution{n}at once!{WAIT}{PAGE}Executing a mere child{n}like that...{WAIT}{PAGE}{=0403000025000a50}{=0403410012000a78}Bishop:{n}What are you saying, Sir {ZAYIN}?{n}A traitor is a traitor.{WAIT}{PAGE}We cannot simply pardon them{n}for being children.{WAIT}{PAGE}{=0403400025000a50}{=0403010012000a78}{ZAYIN}:{n}A traitor...{WAIT}{PAGE}{=0403000025000a50}{=0403410012000a78}Bishop:{n}Our goal is, above all else, to found the Thousand-Year{n}Kingdom.{WAIT}{PAGE}All people gathered under God,{n}and every one of them happy.{WAIT}{PAGE}Those who would hinder it{n}must be removed.{WAIT}{PAGE}Besides... this decision was{n}the will of those above.{WAIT}{PAGE}Nothing I could say now would...{WAIT}{PAGE}{=52036b00}{=5803b400}{=0403400025000a50}{=040302002e000a28}Temple Knight:{n}Pardon me.{WAIT}{PAGE}Your Grace, the execution{n}is complete.{WAIT}{PAGE}{=0403010012000a78}{=040342002e000a28}{ZAYIN}:{n}!!{WAIT}{PAGE}......{n}{=58037800}How... how could you...{WAIT}{PAGE}{=0403000025000a50}{=0403410012000a78}Bishop: ...I see. Thank{n}you for bringing this{n}to my attention.{WAIT}{PAGE}{=0403400025000a50}{=040302002e000a28}Temple Knight:{WAIT}{PAGE}{=2b030200}{=5803b400}{=52036b00}{=0403000025000a50}Bishop:{n}Sir {ZAYIN}.{WAIT}{PAGE}{=0403400025000a50}{=0403010012000a78}{ZAYIN}:{n}......{WAIT}{PAGE}{=0403000025000a50}{=0403410012000a78}Bishop:{n}The law must be obeyed.{WAIT}{PAGE}...Is that not so?{WAIT}{PAGE}{=0403400025000a50}{=0403010012000a78}{ZAYIN}:{n}......{WAIT}{PAGE}{=08042200}{=2b03ff00}................{WAIT}","{=0403400025000a50}{=040302002e000a28}Temple Knight:{n}Yes, sir!{WAIT}{PAGE}"
medium,story,08042E7A,"Confirmed wrong speaker. JP has two distinct staff labels: シビル (Cybil) then バニー (Bunny), each with an identical greeting. EN labels BOTH 'Cybil:', erasing Bunny entirely and mis-attributing her line. The Bunny is a separate named NPC; this is a genuine wrong-speaker error, not a paraphrase. (Note: the opcodes between the two greetings are 0x30F line_reset / 0x312 / 0x303 / 0x304 / 0x305 — not 0x310 page_reset — so this is also not a clean window boundary, but the label fix is the substantive correction.)","Cybil: Welcome! Come{n}in, enjoy yourselves!{WAIT}{=0f03142f0408}{=1203c800}{=03038100}{=04030000d0000350}{=05031400}Cybil: Welcome! Come{n}in, enjoy yourselves!{WAIT}{PAGE}{PAGE}Now, what will it be?{=130301023f004c2f}銀÷","Cybil: Welcome! Come{n}in, enjoy yourselves!{WAIT}{=0f03142f0408}{=1203c800}{=03038100}{=04030000d0000350}{=05031400}Bunny: Welcome! Come{n}in, enjoy yourselves!{WAIT}{PAGE}{PAGE}Now, what will it be?{=130301023f004c2f}銀÷"
medium,story,08049260,"Confirmed hallucination. JP windows 2 and 4 (split by {PAGE}) contain only the chant 'LET'S DANCIN'！'. EN windows 2 and 4 both render 'Yes! You, that man over{n}there!! LET'S DANCIN'!!' — the 'Yes! You, that man over there!!' clause (はい！そこの彼！！) does NOT appear in those JP windows; it belongs to the later drop-in window (EN there: 'Yes! You there!!'). Invented + duplicated content in both early chant windows. Window 4 (W3 in EN) carries a trailing opcode tail after {WAIT} that must be preserved.","Man: It's the night of the full moon! Full Moon Night at the{n}Moonlight Rave!{WAIT}{PAGE}Yes! You, that man over{n}there!! LET'S DANCIN'!!{WAIT}{PAGE}First up, the dance contest!{n}Starting with entry number 1!{WAIT}{PAGE}Yes! You, that man over{n}there!! LET'S DANCIN'!!{WAIT}{=1203c300}{=04030000dd000350}{=5803b400}{=04030000e0000350}{=5803b400}{=04030000dc000350}{=5803b400}{=04030000df000350}{=5803b400}{=04030000de000350}{=5803b400}{=04030000db000350}{=5803b400}{=04030000da000350}{=5803b400}{=040300001b000350}{PAGE}Man: Drop-in entries are welcome too! A gorgeous prize{n}awaits you!{WAIT}{PAGE}Anyone out there!?{WAIT}{PAGE}>Enter as a drop-in?{=0e034c970408}Yes! You there!!{n}LET'S DANCIN'!{WAIT}{=2b030000}{=04030000dd000331}{=04030100da00036e}{PAGE}>{ALEPH} danced{n}like crazy!{WAIT}{=5803b400}{=2b030000}{=2b030100}{=040300001b000350}{PAGE}...And now, the winner!{n}The winner is.........{WAIT}{=0c03a7005e950408}{=0c03a50018960408}{=d20309005e950408}{PAGE}Our drop-in entry, that man there!{n}Congratulations!{WAIT}{=0c041100}{PAGE}""{ITEM_NAME}"" is your prize!{n}CONGRATULATION!{WAIT}{PAGE}> You got {ITEM_NAME}.{WAIT}{=7903}{=1203a500}","Window 2 -> 'LET'S DANCIN'!!{WAIT}'  ;  Window 4 -> 'LET'S DANCIN'!!{WAIT}{=1203c300}{=04030000dd000350}{=5803b400}{=04030000e0000350}{=5803b400}{=04030000dc000350}{=5803b400}{=04030000df000350}{=5803b400}{=04030000de000350}{=5803b400}{=04030000db000350}{=5803b400}{=04030000da000350}{=5803b400}{=040300001b000350}'  (drop the 'Yes! You, that man over{n}there!! ' prefix in both; keep the W4 opcode tail intact)"
medium,story,080495B0,"Confirmed dropped content. JP '2番の彼女だ！　おめでとう！{WAIT}' (It's the lady at number 2! Congratulations!) — the winner-identification clause 2番の彼女だ！ is dropped and replaced by a meaningless '!!!'. This is the non-drop-in branch of the dance contest (entry idx 409, distinct from the drop-in winner reveal at 08049260), so the number-2 winner identity is real, screen-visible content that is lost.",!!!{n}Congratulations!{WAIT},It's the lady at number 2!{n}Congratulations!{WAIT}
medium,story,080495D8,"Confirmed dropped content. JP '4番の彼女だ！　おめでとう！' = 'It's the lady at number 4! Congratulations!'. EN replaced the winner-announcement clause with a meaningless '!!!', losing the winner's number/identity. Proven by the sibling runtime-alternate at 08049560 (entry number 1) which IS correctly translated 'It's the lady at number 1!' — the number-2/4/6 alternates (080495B0/080495D8/080495F8) were all stubbed to '!!!'. These are runtime-selected alternates picked by which dance-contest entry wins, so the number is real game content. Story entries are repointed/pooled (the number-1 sibling carries a much longer EN than its inline JP), so the JP 'max':15 budget does not block the longer EN.",!!!{n}Congratulations!{WAIT},It's the lady at number 4!{n}Congratulations!{WAIT}
medium,story,080495F8,"Same class as 080495D8. JP '6番の彼女だ！　おめでとう！' = 'It's the lady at number 6! Congratulations!'; EN stubbed to '!!!', dropping the winner number. Sibling 08049560 (number 1) is fully translated, confirming this is a real dropped-content stub, not a localization choice.",!!!{n}Congratulations!{WAIT},It's the lady at number 6!{n}Congratulations!{WAIT}
medium,story,08062F48,"Confirmed dropped subject + marker. JP '＞マーラの魔力は{n}もう失われている' = '>Mara's magic is already gone'. EN is the bare fragment 'is gone.' — the subject 'Mara's magic' (マーラの魔力) and the leading ＞ prompt marker are both gone, leaving a meaningless on-screen fragment. This is a complete standalone obstacle-check message (term 0301, leading ＞, ends {WAIT}+jump opcodes), not an inline continuation. Proven by the sibling family 08062FA2/08063024/080630A6 ('＞マーラの魔力で開かない') which kept the full '＞Mara's magic holds it shut.' — only this 'は…もう失われている' variant was truncated. Downgraded from high to medium: it's an environmental obstacle check, not a plot beat, but the meaning loss for the line is total. NB the candidate's suggested_fix carried a wrong opcode tail ({=6b03b53f1c00}); the real entry's tail is {=6b03b5371c00} and is preserved in the fix below.",is gone.{WAIT}{=08042a00}{=c6030000402f0608}{=6b03b5371c00},>Mara's magic{n}is already gone.{WAIT}{=08042a00}{=c6030000402f0608}{=6b03b5371c00}
medium,story,08062FCA,"Same dropped-subject bug as 08062F48 (a distinct branch copy, differing only in the {=c6030000be2f0608} jump target). JP '＞マーラの魔力は{n}もう失われている'; EN 'is gone.' drops the subject and ＞ marker. Sibling 'で開かない' family kept the full subject, confirming the truncation. Opcode tail preserved verbatim from the actual entry.",is gone.{WAIT}{=08042a00}{=c6030000be2f0608}{=6b03b53f1c00},>Mara's magic{n}is already gone.{WAIT}{=08042a00}{=c6030000be2f0608}{=6b03b53f1c00}
medium,story,0806304C,"Same dropped-subject bug as 08062F48/08062FCA (branch copy with jump target {=c603000040300608}). JP '＞マーラの魔力は{n}もう失われている'; EN 'is gone.' drops 'Mara's magic' and the ＞ marker. Opcode tail preserved verbatim ({=6b03bd371c00}, differs from the candidate's suggested tail but matches the actual file).",is gone.{WAIT}{=08042a00}{=c603000040300608}{=6b03bd371c00},>Mara's magic{n}is already gone.{WAIT}{=08042a00}{=c603000040300608}{=6b03bd371c00}
medium,story,080630CE,"Standalone field message (its own address/window, ＞-prefixed). JP '＞マーラの魔力は{n}もう失われている' = 'Mara's magic has already been lost.' EN renders only the bare predicate 'is gone.' — subject 'Mara's magic' and the 'already' (もう) nuance are dropped, leaving an orphaned fragment with no antecedent on screen. Confirmed not a continuation: the three sibling Mara messages (08062FCA/0806304C/080630CE) are self-contained alternates, and the parallel '＞マーラの魔力で開かない' (08063024/080630A6) DOES render the subject ('Mara's magic holds it shut'). So this is genuine dropped content, not localization.",is gone.{WAIT}{=08042a00}{=c6030000c2300608}{=6b03bd3f1c00},＞Mara's magic{n}is already gone.{WAIT}{=08042a00}{=c6030000c2300608}{=6b03bd3f1c00}
medium,story,08065776,"Second Madam block. JP 'あなたなら花田を連れもどしてくれると思ったのに…残念だわ' = 'I had thought you would bring Hanada back to me... How disappointing.' EN truncates mid-clause to 'I had thought you would{n}be able to bring' — no object (Hanada), and the '...back to me... how disappointing (残念だわ)' is dropped, leaving a dangling incomplete sentence. The FIRST identical JP block earlier in the SAME entry was rendered fully ('I was sure you would bring Hanada back to me... How disappointing.'), so the second occurrence is an inconsistent truncation of real content, not paraphrase.","Alfred: We have been expecting you,{n}Master {ALEPH}.{WAIT}{PAGE}I shall call the Madam{n}at once.{WAIT}{PAGE}{=2b030200}{=58032000}{=08040400}{=0e040200}{=0403020074000050}{=58032000}{=0e040200}{=0403000071000050}{=58031000}{=2b030200}Madam:{n}{=0403000072000050}So you have come again,{n}{ALEPH}.{WAIT}{PAGE}Then I shall lend you my pet once more.{n}{=2b030100}{WAIT}{PAGE}{=0f0336550608}{PAGE}{=0f0306570608}Alfred:{n}We have been expecting you,{n}Master {ALEPH}.{WAIT}{PAGE}I shall call the Madam{n}at once.{WAIT}{PAGE}{=2b030200}{=08037500}{=0c039e00d0580608}{=0f03a05a0608}{=5903010080590608}{=58032000}{=04030300c1010350}{DEMON_NAME}:{n}This is where we part.{WAIT}{PAGE}You couldn't bring Hanada back, but you're pretty strong.{n}I like you.{WAIT}{PAGE}We'll meet again someday.{WAIT}{=78030400}{=2b030300}{PAGE}＞{DEMON_NAME}{n}departed.{WAIT}{PAGE}{=0f03a05a0608}{=58032000}{=08040400}{=0e040200}{=0403020074000050}{=58032000}{=0e040200}{=0403000071000050}{=58031000}{=2b030200}Madam:{n}{=0403000072000050}{ALEPH},{n}well done.{=0403000071000050}{WAIT}{=0403000072000050}{PAGE}I was sure you would{n}bring Hanada back{=0403020074001060} to me...{n}{=2b030200}How disappointing.{=0403000071000050}{WAIT}{=0403000072000050}{PAGE}Oh? {DEMON_NAME} is not with you. And after I so kindly lent{n}them out... Well, no matter.{WAIT}{=19039e00}{=0f03465b0608}{=08040400}{=0e040200}{=0403020074000050}{=58032000}{=0e040200}{=0403000071000050}{=58031000}{=2b030200}Madam:{n}{=0403000072000050}{ALEPH},{n}well done.{=0403000071000050}{WAIT}{=0403000072000050}{PAGE}I had thought you would{n}be able to bring{WAIT}{=0403000071000050}{PAGE}{=0403000072000050}By the way, you have a visitor.{n}A messenger from the Center.{=0403000071000050}{WAIT}{=0403020074000050}{=58034000}{=2b030000}{PAGE}{=58032000}{=2b030200}{=58032000}{=03037700}{=58032000}{=0403000012000350}Man:{n}So you're the one who became the new Champion...{n}{ALEPH}, is it...{WAIT}{PAGE}Remember! Remember your own name!{n}Your name is...{WAIT}{PAGE}{=03037100}{=08040a00}{=0f03ba140708}{=08040b00}{=05034a00}{=58033000}{=03037700}{=0403020012000350}{PAGE}Man:{n}...It's {ALEPH}!{WAIT}{PAGE}Well? Do you remember now,{n}{ALEPH}?{WAIT}{n}{PAGE}I'm {ZAYIN}. I've been searching for you{n}all this time.{WAIT}{PAGE}You were one of the Center's people to begin with,{n}{ALEPH}.{WAIT}{PAGE}And {GIMMEL}, there is an order out for you{n}to return to the Center as well.{WAIT}{PAGE}I must ask you both to come{n}to the Center at once.{WAIT}{PAGE}{=2b030200}{=58032000}{=03037a00}{=0403020074000050}{=58032000}{=0403000071000050}{=58031000}{=2b030200}Madam:{n}{=0403000072000050}What a surprise.{n}To think you were a citizen{n}of the Center...{=0403000071000050}{WAIT}{=0403000072000050}{PAGE}Then you never needed to risk{n}those dangerous{=0403020074000050} fights in{n}{=2b030200}the Colosseum.{=0403000071000050}{WAIT}{=0403000072000050}{PAGE}You do not belong in a place like this.{n}Now, off to the Center with you.{=0403000071000050}{WAIT}{PAGE}{=58032000}{=12030e00}{=08041a00}{=2b030000}{=76030200}{=74030200}{=75030200}{=5803a000}{=0f03fc510408}{PAGE}Alfred: Please bring Hanada back soon.{n}The Madam is waiting.{WAIT}",{=0403000072000050}I had thought you would{n}bring Hanada back to me...{n}how disappointing.{WAIT}{=0403000071000050}
medium,story,08067072,"Service/healer menu label. JP 'アイテムを買う' = 'Buy item' (purchase). EN 'Which item will you use?' changes both verb and intent (buy -> use). Surrounding labels (Restore HP/MP, Cure status, Revive, Lift curse, Go outside) confirm this is a shop/service command list; 'use' misrepresents the action the row performs. Wrong-meaning label, not a localization paraphrase.",Which item will you use?,Buy item
medium,story,0806E900,"JP '女：{n}いってらしゃいませ{WAIT}{PAGE}ルシファー様の勝利を{n}願っていますわ' = one speaker: 'Off you go.' [PAGE] 'I pray for Lord Lucifer's victory.' The second EN window invents 'Welcome.' — there is no such greeting in the JP window (いってらっしゃいませ was already rendered as 'Off you go' in window 1), so it is hallucinated content. It also re-stamps a second 'Woman:' label mid-turn on a same-speaker continuation. ({PAGE} is present, so no two-speaker render-merge; the bug is the invented greeting.) The third-person->direct-address rephrase of the prayer is acceptable localization, but the invented 'Welcome.' is a real content error.","Woman:{n}Off you go, then.{WAIT}{PAGE}Woman: Welcome. Master{n}Lucifer, I pray for your{n}victory!{WAIT}","Woman:{n}Off you go, then.{WAIT}{PAGE}I pray for Lord{n}Lucifer's victory!{WAIT}"
medium,story,0806F55E,"JP '薬屋やってるアヌーン' = 'Anuun, who runs the pharmacy/apothecary (薬屋=kusuriya, medicine shop)'. EN says 'Anuun, who runs the inn' — 薬屋 is a drugstore/apothecary, not an inn (宿屋/yadoya). This is a factual mistranslation of the character's occupation that the player reads, not a paraphrase.","Dryad: Say, this is just{n}between us, but...{WAIT}{PAGE}Anuun, who runs the inn, seems to have fallen head over heels for {HIROKO},{n}who came from the surface.{WAIT}","Anuun, who runs the apothecary, seems to have fallen head over heels for {HIROKO},"
medium,story,0807BBAC,"Angel boss (Gabriel, after Uriel/Raphael fall). JP '{=1e030600}{n}今度は私が相手だ！' = 'Now it is my turn to face you!' — no mention of Lucifer. EN invents the clause 'he who defeated Lucifer himself!', a specific lore claim with no JP basis. Beyond localization flavor: it fabricates a plot fact. Fix preserves the {=1e030600} opcode and the {DEMON_NAME}: speaker label already in the EN.","Elder: So, you have come{n}after {ZAYIN}, {ALEPH}.{WAIT}{=2b030000}{=0403000029005830}{=0403010028005870}{=040302000e005750}{PAGE}Elder:{n}He has been reduced to a stone statue. Such is the fate of traitors!{WAIT}{PAGE}Elder:{n}And now I shall bury you as well!{WAIT}{PAGE}{=0e040400}{=040302000e005750}{=2b030200}{=58031000}{=2b030400}{=58031000}{=04030300ab005730}{=04030400ab005770}{=58032000}{=03032800}{=58031000}{=0e040400}{=0403000029005830}{=0e040400}{=0403010028005870}{=2b030300}{=2b030400}{=58031000}{=2b030000}{=2b030100}{=08041800}{=58030c00}{=03035500}{=58032000}{=08041900}{=01041000}{=09030000}{=09030100}{=08045500}{=19030a01}{PAGE}Raphael and Uriel:{n}Die, you botched excuse for a Messiah!{WAIT}{=08043500}{=10030000}{=03037700}{=21040300}{=07030000}{=07030100}{=08041a00}{=05037700}{=12030a01}{=05033a00}{=0e040400}{=040302000e005750}{=58032000}{=01041100}Elder: You killed Uriel{n}and Raphael!?{n}Unforgivable!!{WAIT}{PAGE}{=04030400ab005750}{=58032000}{=03035d00}{=0e040400}{=040302000e000350}{=2b030400}{=08041800}{=58030b00}{=2b030200}{=58031400}{=03035500}{=58032000}{=08041900}{=09030000}{=08045500}{=19030a01}{DEMON_NAME}: Now you face{n}me...he who defeated{n}Lucifer himself!{WAIT}{=08043500}{=10030000}{=03037700}{=21040300}{DEMON_NAME}:{n}{=21040800}O-Oh God,{n}save us…{WAIT}{PAGE}Bring judgment upon these ones…{WAIT}{PAGE}{=08045800}{=07030000}{=07030100}{=0303ff00}{=08041a00}{=08041a00}{=05037700}{=05033a00}{=040300002a005750}{=21040300}{PAGE}Elder:{n}Oh… all fallen, are they? Pitiful… But it could not be helped.{WAIT}{PAGE}…Enemies yet remain. Stay on your guard.{WAIT}{PAGE}{=03033800}{=08041800}{=58036000}{=76030300}{=74030300}{=75030300}{=2b030000}{=08041900}{=12030a01}{=05033a00}{=03038c00}{=08045500}{=19030a01}{=58034000}{=01042e00}{=09030000}{=58031000}God: Ye who darest{n}oppose my will! I shall{n}destroy thee all!{WAIT}{=08043500}{=10030000}{=03037700}{=08045800}{=07030000}{=07030100}{=21040800}Voice of the One God:{n}You who raised your blade against me…{WAIT}{PAGE}Unto the furthest end of your reincarnations, I shall bring calamity{WAIT}{PAGE}and visit punishment upon you…{WAIT}{=12035500}{=21040800}{PAGE}＞The three archangels who, as the Elders, manipulated the Center and ruled the Millennium…{WAIT}{PAGE}Michael, Raphael, and Uriel have fallen…{WAIT}{PAGE}{=0a034a01}{=0b0362c00708}＞{PARTY_NAME}{n}{ITEM_NAME} obtained!{WAIT}{PAGE}{=08042200}{=6b03190a0600}{=0303ff00}{=8803}{=040300002a000350}{=08042300}{=21040300}Elder: Well done,{n}{ALEPH}! I am...{WAIT}{=04030200ab000350}{=2b030000}{=03035500}{=58034000}{=2b030200}{=01043500}{=09030000}{=03037700}…the angel Gabriel.{WAIT}{PAGE}…Together with Michael and the others, I followed God's will to save mankind{WAIT}{PAGE}and sought to build the Millennium Kingdom.{WAIT}{PAGE}I, at least, tried to follow God's will.{WAIT}{PAGE}…But the Millennium we built became a thing that ruled over mankind.{WAIT}{PAGE}By God's word, once the Kingdom was built, a Messiah was to appear and guide the people…{WAIT}{PAGE}But none appeared in the Millennium.{WAIT}{PAGE}Too impatient to wait, the archangels tried to create a Messiah themselves.{WAIT}{PAGE}And so their deeds drifted ever further from God's will…{WAIT}{PAGE}God forsook the archangels.{WAIT}{PAGE}And He told me: leave Michael and the others, and walk the true path…{WAIT}{PAGE}{ZAYIN} has been restored, thanks to you.{WAIT}{PAGE}He is in the Center's control room…{WAIT}{PAGE}{=12035300}{=07030000}{=07030100}{=0303ff00}{=08041a00}{=5803a000}{=6b030b770600}{=03037700}{=05033d00}{=0403000012000350}{=08041b00}{ZAYIN}:{n}Thank you,{n}{ALEPH}…{WAIT}{PAGE}Because you defeated Michael and the others, I was freed.{WAIT}{PAGE}With the Elders gone, no one rules us… but no one runs the Millennium, either.{WAIT}{PAGE}I worry what will become of the Millennium now…{WAIT}{=58036000}{=03031400}{=58036d00}{=03031400}{=58036d00}{=03031400}{=58036d00}{=03035f00}{PAGE}Voice:{n}Emergency alert!{SLOW}{WAIT}{PAGE}Detecting violent energy fluctuations in Holytown!{SLOW}{WAIT}{PAGE}Emergency alert!{SLOW}{WAIT}{PAGE}Detecting violent energy fluctuations in Holytown!{SLOW}{n}Emergency alert…{WAIT}{PAGE}{ZAYIN}:{n}What on earth is happening?{WAIT}{PAGE}My body hasn't fully recovered. I still can't move well.{WAIT}{PAGE}Could you go to Holytown and investigate? Please…{WAIT}{=6b030a770600}",{=1e030600}{DEMON_NAME}: Now it is{n}my turn to face you!
medium,story,0807D28E,Virtual Girl victory scene. JP first window 'ヴァーチャル・ガール：{n}おめでとー！{n}{WAIT}' = 'Virtual Girl:{n}Congratulations!'. EN renders this window as just 'Virtual Girl:{WAIT}{PAGE}' — the greeting 'おめでとー！' is dropped entirely (it never appears in the following window either). Result is a near-empty speaker-only window plus genuine content loss. Fix restores the line within the same {WAIT}{PAGE} boundary.,"＞{PARTY_NAME}{n}{ITEM_NAME} obtained!{WAIT}{PAGE}{=040300001f000350}Okamoto: OK, good job!{n}Stop there!{WAIT}{PAGE}{=2b030000}{=08041a00}{=0f0324320708}{=03035a00}{=0a040001}{=0c035b002cd30708}{=0c035a0022d30708}{=0c03590018d30708}{=0c0358000ed30708}{=0803d700}{=0f03e4d00708}{=0803fa00}{=0f03e4d00708}{=0803a300}{=0f03e4d00708}{=0803b900}{=0f03e4d00708}{=08035800}{=0f03e4d00708}{=03035a00}{=0a040001}{=0c035b0086d30708}{=0c035a007cd30708}{=0c03590072d30708}{=0c03580068d30708}{=0803cb00}{=0f03e4d00708}{=0803c300}{=0f03e4d00708}{=0803b000}{=0f03e4d00708}{=0803f200}{=0f03e4d00708}{=08036300}{=0f03e4d00708}{=03035a00}{=0a040001}{=0c035b00e0d30708}{=0c035a00d6d30708}{=0c035900ccd30708}{=0c035800c2d30708}{=0803d300}{=0f03e4d30708}{=0803c200}{=0f03e4d30708}{=0803af00}{=0f03e4d30708}{=0803c700}{=0f03e4d30708}{=08036200}{=09030000}{=10030000}{=08045800}{=07030000}{=21040300}{=58034000}{=03037e00}{=0403000000000350}Virtual Girl:{WAIT}{PAGE}{DEMON_NAME} is down!{n}You're a true Virtual Master!{WAIT}{PAGE}Nothing can scare you now! …In virtual space, anyway…{WAIT}{PAGE}{=2b030000}{=0f03dec60708}{=05030c00}{=0403000000000350}So, you{n}were the Savior of us{n}mutants all along!{WAIT}",Virtual Girl:{n}Congratulations!{WAIT}{PAGE}
medium,story,08096520,"JP 'よかよか' is a pleased/accepting Kyushu-dialect interjection ('fine, fine' / 'good, good'). EN 'Wantttt' is garbled and bears no relation to the source — it conveys 'wanting', which is absent from the JP. Clear mistranslation/corruption, not localization. (Shared addr 0809685E gets the same wrong text.)",Wantttt,"Fine, fine."
medium,dialogue,08093106,"JP 'よかよか' = approving/accepting interjection ('good, good' / 'all right, all right'). EN 'Wantttt' is garbled nonsense with no basis in the source — same corruption as the story copy at 08096520. Clear mistranslation, not localization. Within budget (max 5; 'Good, good!' is 10 chars but half-width fits ~5-token JP slot — keep concise).",Wantttt,"Fine, fine"
medium,dialogue,0809353A,"JP is only 貴様！ (""You!"") + full-width space + {n}. The EN appends ""You're a minion of the Mesians, aren't you!"", which is verbatim the EN of the adjacent separate entry 08093546 (メシアンの手先だな！). Confirmed: that clause occurs only on 08093546 legitimately and here as a leaked duplicate with no JP basis. Real hallucination/duplicate.","You! You're a minion{n}of the Mesians, aren't{n}you!",You!　{n}
medium,dialogue,0809CB4E,"JP ようしゃはせん！ = 'I won't show mercy / won't hold back!'. EN 'I won't let back!' is not valid English ('let back' is not a phrase) and conveys no coherent meaning, so the player reads a non-sentence. This misrepresents the JP rather than being a stylistic localization choice.",I won't let back!,I won't hold back!
medium,dialogue,0809DE22,"JP is the bare rough-form fragment 貴様 ('You...'). Its polite twin at 0809DE18 (貴方は ) is correctly rendered just 'You'. This entry instead fabricates a full accusation ('You! You're a minion of the Mesians, aren't you!') with no basis in the one-word JP fragment. Invented content.","You! You're a minion{n}of the Mesians, aren't{n}you!",You
low,story,08022802,"Confirmed. JP 'テンプルナイト：{n}うっ！{WAIT}' but EN renders 'Temple Knight:{WAIT}' with no text and no {n}. The pained grunt 'うっ！' (Ugh!) is dropped, leaving an empty speaker-labeled window ('Temple Knight:' followed by nothing) drawn on screen. Verified the JP/EN strings exactly in story.json (entry idx 6). The {=04030000c8010a28}/{=0403...} ops here are portrait/position switches (page_reset=false), not name boxes, so the on-screen speaker comes from the inline label only.","Temple Knight:{WAIT}{PAGE}{=04030000c8010a28}{=040341002e000a78}{HIROKO}:{n}How's that!{WAIT}{PAGE}{=52030400}{=04034000c8010a28}{=040301002e000a78}Temple Knight:{n}As expected of Lady {HIROKO}!{WAIT}{PAGE}You've bested me again.{WAIT}{PAGE}{=04030000c8010a28}{=040341002e000a78}{HIROKO}:{n}Hmph.{WAIT}{PAGE}{=04034000c8010a28}{=040301002e000a78}Temple Knight:{n}Let's end solo training here.{WAIT}{PAGE}Next, the Bishop will lecture{n}you on the Holy Doctrine.{WAIT}{PAGE}{=04030000c8010a28}{=040341002e000a78}{HIROKO}:{n}Honestly...{WAIT}{PAGE}{=08042200}{=2b03ff00}{=52031a00}{=0403000025000a28}{=04030100c8010a78}{=05030200}{=04034100c8010a78}Bishop:{n}...And thus God sent the strong{n}as Messiahs to His people.{WAIT}{PAGE}{=0403400025000a28}{=04030100c8010a78}{HIROKO}:{n}Hmmm...{WAIT}{PAGE}{=0403000025000a28}{=04034100c8010a78}Bishop:{n}Who could the Messiah be, I wonder...{n}Lady {HIROKO}?{WAIT}{PAGE}{=0403400025000a28}{=04030100c8010a78}{HIROKO}:{n}Who knows...{WAIT}{PAGE}{=08043500}{=0403000025000a28}{=04034100c8010a78}Bishop:{n}(Grins){WAIT}{PAGE}{=08043600}{=0403400025000a28}{=04030100c8010a78}{HIROKO}:{n}So the Messiah is wise.{WAIT}{PAGE}{=0403000025000a28}{=04034100c8010a78}Bishop:{n}Indeed. The Messiah is highly educated,{n}yet comes from the wilds.{WAIT}{PAGE}{=0403400025000a28}{=04030100c8010a78}{HIROKO}:{n}Yeah. So I've heard,{n}many times.{WAIT}{PAGE}{=0403000025000a28}{=04034100c8010a78}Bishop:{n}One day a pretender will claim the name... the Messiah will slay that Anti-Messiah{n}and save the people.{WAIT}{PAGE}{=0403400025000a28}{=04030100c8010a78}{HIROKO}:{n}So the Messiah is strong.{WAIT}{PAGE}{=0403000025000a28}{=04034100c8010a78}Bishop:{n}Indeed... Almost... just like...{n}Lady {HIROKO} herself.{WAIT}{PAGE}{=0403400025000a28}{=04030100c8010a78}{HIROKO}:{n}Hmmm...{WAIT}{PAGE}{=0403000025000a28}{=04034100c8010a78}Bishop:{n}The Messiah who saves the people is wiser than anyone,{n}stronger than anyone.{WAIT}{PAGE}{=0403400025000a28}{=04030100c8010a78}{HIROKO}:{n}...Is the Messiah the{n}humble type?{WAIT}{PAGE}{=0403000025000a28}{=04034100c8010a78}Bishop:{n}Hmm? Who can say? The prophecies make{n}no mention of that.{WAIT}{PAGE}But the Messiah is one{n}who preaches love.{WAIT}{PAGE}Never forget love.{WAIT}{PAGE}{=0403400025000a28}{=04030100c8010a78}{HIROKO}:{n}Hmmm...{n}So confidence is fine?{WAIT}{PAGE}{=0403000025000a28}{=04034100c8010a78}Bishop:{n}Well... Surely the Messiah has faith{n}in their own strength?{WAIT}{PAGE}{=0403400025000a28}{=04030100c8010a78}{HIROKO}:{n}Yeah, you're right...{WAIT}{PAGE}{=0403000025000a28}{=04034100c8010a78}Bishop:{n}Yes... the Messiah, surely...{n}(Grins){WAIT}{PAGE}{=2b03ff00}{=08042200}...{WAIT}",Temple Knight:{n}Ugh!{WAIT}{PAGE}
low,story,0803BF06,"Confirmed mistranslation + internal inconsistency. JP label 陽気な女 means 'cheerful/cheery woman'. This entry renders it 'Crazy Lady', but the identical NPC label 陽気な女 is translated 'Cheerful Woman' in 5 other entries (verified: 0803BC88, 0803C024, 0803C2E0, 0803C3EE, 08067A88). 'Crazy' is not a meaning of 陽気な and re-labels the same character. Real speaker-label error.","Crazy Lady: Congrats,{n}Hawk! The new champion!{n}You're so wonderful!{WAIT}{=2b030200}{=0403020034000030}","Cheerful Woman: Congrats,{n}Hawk! The new champion!{n}You're so wonderful!{WAIT}{=2b030200}{=0403020034000030}"
low,story,0804AC7E,"Confirmed minor hallucination. JP '……持物を減らしてきな' = '...Reduce what you're carrying and come back' (the blacksmith can't hand over the forged item because the player's inventory is full — see the give-item flow at sibling 0804ABDE). EN adds an invented closing line 'You won't regret it!', a fabricated reward promise with no basis in the JP. The added 'Smith:' speaker label is fine; only the invented promise is the bug. No rendering issue.",Smith: ...Drop something{n}and come back. You won't{n}regret it!{WAIT},Smith: ...Drop something{n}and come back.{WAIT}
low,story,0805E700,"Confirmed mistranslation of 薬屋 (kusuriya = apothecary/medicine seller). JP 'なぁ　薬屋のアヌーンさんって知ってるかい？' = 'Say, do you know Annwn the apothecary?'. EN renders her as 'from the dressing room' — likely a 薬屋/楽屋 (gakuya = dressing room) confusion. Annwn is the recurring fairy-town apothecary NPC, so this misstates who she is. Pure wording/content error, no rendering problem. Fix replaces only the misrendered clause inside the multi-page entry's Annwn page; all {n}/{WAIT}/{PAGE}/{=..} tokens elsewhere are unchanged.","Ex-Appraiser: Strong enough to use the Easter System now, eh.{n}{WAIT}{PAGE}Here's a Memory Chip for you.{n}{=0a031f01}{=7903}{WAIT}{PAGE}The Easter System means using Memory Chips to extract demons.{n}{WAIT}{PAGE}Likewise, the Halloween System can call special demons out of the Shin Megami Tensei demon dictionary.{n}{WAIT}{PAGE}The demon you call decides how many Memory Chips and how much Macca you need.{n}{WAIT}{PAGE}The demons you can call are shown in a list.{n}{WAIT}{PAGE}Pick a demon, and the Memory Chips and Macca required are displayed.{n}{WAIT}{PAGE}You can check the demon's info too, so confirm it if you're satisfied.{n}{WAIT}{PAGE}Extraction fails at times, and I can't return the chips or Macca if it does.{n}{WAIT}{PAGE}{=0f03f6c30508}{=68030300}{=03037e00}{=0403000016000350}{=05037400}{=0c035c012cea0508}{=12035c01}{PAGE}Ex-Appraiser: This is the fairies' town. Some of them love their pranks, but it's a nice place to live.{n}{WAIT}{PAGE}Eh? Appraisals? Quit that ages ago.{n}{WAIT}{PAGE}It's repairs now, repairs. Pays better, you see.{n}{WAIT}{PAGE}{=1004150088eb050888eb0508}{=0f03f6c30508}{PAGE}Come to think of it, a human man wandered in here long ago. His name was... Shay-something, was it?{n}{WAIT}{PAGE}{=0f0386eb0508}{PAGE}Say, you know Annwn, from the dressing room? Oh, if a girl like her were my gal... Ahh, Annwn...{n}{WAIT}{PAGE}{=0f0386eb0508}{PAGE}Let me share a little tip. Demons just love ""Gems"". If you've got some, don't go wasting them, alright?{n}{WAIT}{PAGE}","Say, you know Annwn, the apothecary? Oh, if a girl like her were my gal... Ahh, Annwn..."
low,story,0805EB8A,"Same 薬屋 mistranslation as 0805E700, different speaker variant. JP '妖精の街にいる薬屋のアヌーンに彼氏が出来たらしい…' = 'I hear Annwn the apothecary in the fairy town got a boyfriend...'. EN says 'the dressing-room girl', misstating her role. Wording/content error only. Fix replaces just the 'dressing-room girl' phrase in the Annwn page; surrounding structural tokens preserved.","Ex-Appraiser: Soo, you're strong enough to use the Easter System nowww.{n}{WAIT}{PAGE}Here, take a Memory Chip to celebraaate.{n}{=0a031f01}{=7903}{WAIT}{PAGE}The Easter System means extracting demons with Memory Chips and Maccaaa.{n}{WAIT}{PAGE}And the Halloween System can call special demons out of the Shin Megami Tensei demon dictionary, you knowww.{n}{WAIT}{PAGE}The demon you call decides how many Memory Chips and how much Macca you neeeed.{n}{WAIT}{PAGE}First the demons you can call show up in a liiist.{n}{WAIT}{PAGE}Pick one and it shows the Memory Chips and Macca requirrred.{n}{WAIT}{PAGE}You can see the demon's info toooo, so confirm it if you like iiit.{n}{WAIT}{PAGE}Extraction fails sometimes, but no refunds on the chips or the Maccaaa.{n}{WAIT}{PAGE}{=0f03f6c30508}{=68030400}{=03037e00}{=0403000016000350}{=05037400}{=0c035d01c8ee0508}{=12035d01}{PAGE}Ex-Appraiser: This here's an appraisal shop. Well, was. We've closed down.{n}{WAIT}{PAGE}Switched over to repairs just recently.{n}{WAIT}{PAGE}Got anything broken on you?{n}{WAIT}{PAGE}{=1004150014f0050814f00508}{=0f03f6c30508}{PAGE}This town's where the earth spirits live. Every spare minute, they're drinking. Lucky devils.{n}{WAIT}{PAGE}{=0f0312f00508}{PAGE}I hear Annwn, the dressing-room girl in the fairy town, got herself a boyfriend... And I had my eye on her...{n}{WAIT}{PAGE}{=0f0312f00508}{PAGE}Let me share a little tip. The -kaja spells can be stacked on top of each other. Handy in battle, that.{n}{WAIT}{PAGE}","I hear Annwn, the apothecary in the fairy town, got herself a boyfriend... And I had my eye on her..."
low,story,08066FA2,"Analyze-menu command. JP 'アイテム　解析' = 'Item Analyze'. EN reduces it to just 'Item', dropping the 解析='Analyze' verb. Its sibling '魔法　解析' (08066F8C) IS rendered 'Analyze Magic', proving 解析=Analyze and exposing the inconsistency; the bare 'Item' loses the analysis meaning. Sibling 'Analyze Magic' packs fine despite its small max, so 'Analyze Item' is in budget.",Item,Analyze Item
low,story,08068688,"MNN broadcast, final window. JP '{PAGE}彼の言う事を信じては{n}いけません' = 'You must not believe what he says.' EN window begins with a stray leading period ('. He is lying. ...') — the orphan '. ' is a genuine visible typographic artifact at the window start, and 'He is lying.' is an invented restatement (the lying/nonsense idea was already rendered in the immediately preceding window 'Everything he says is lies and nonsense.'). The leading-period artifact is the real defect; fix removes it (and the redundant pad sentence).",Today we must report some{n}truly regrettable news.{WAIT}{PAGE}The famed {ZAYIN} has{n}betrayed the Center.{WAIT}{PAGE}{ZAYIN} is spreading utterly baseless{n}rumors about the Center.{WAIT}{PAGE}This is a grave betrayal. Everything he says is lies{n}and nonsense.{WAIT}{PAGE}. He is lying. You must{n}not believe what he{n}tells you!{WAIT}{=52033f01}{=08043c00},{PAGE}You must{n}not believe what he{n}tells you!{WAIT}{=52033f01}{=08043c00}
low,story,0806A3DC,Duplicate of the 08068688 MNN broadcast. Same defect: the final window '{PAGE}彼の言う事を信じてはいけません' is rendered '{PAGE}. He is lying. You must...' with a stray orphan leading period and an invented 'He is lying.' restating the prior window's already-rendered 'lies and nonsense'. The orphan '. ' is the real visible artifact; fix removes it.,Today we must report some{n}truly regrettable news.{WAIT}{PAGE}The famed {ZAYIN} has{n}betrayed the Center.{WAIT}{PAGE}{ZAYIN} is spreading utterly baseless{n}rumors about the Center.{WAIT}{PAGE}This is a grave betrayal. Everything he says is lies{n}and nonsense.{WAIT}{PAGE}. He is lying. You must{n}not believe what he{n}tells you!{WAIT},{PAGE}You must{n}not believe what he{n}tells you!{WAIT}
low,story,0808AE9A,"Same entry renders the first identical 'スキだらけだ！' as '{DEMON_NAME}{n}is wide open!' (demon subject). The second 'スキだらけだ！' follows '{DEMON_NAME} is picking up the Macca' and precedes '>Attack?', so the distracted DEMON is the one wide open — but EN flips it to 'Ha, you're way open!' (player subject). Genuine subject reversal, not paraphrase; internally inconsistent with the line 6 lines earlier. Window structure is preserved either way (WAIT/PAGE intact).","…{SLOW}…{SLOW}…{SLOW}…{SLOW}…{n}{WAIT}{PAGE}{=ce038000dcae0808}{=ce038000e6ae0808}{=ce038000ecb50808}{=e2030600}{WAIT}{PAGE}{=e203ed00}{WAIT}{=e6030100}{=e2030600}{WAIT}{=e6030000}{=e203e100}{=4c04df00}{=4a040100}{WAIT}{=e6030600}{=d10302006caf0808}{=ce03400056af0808}{=e203c800}{WAIT}{PAGE}{DEMON_NAME}{n}tossed some Macca at your feet{WAIT}{PAGE}{=0f041700}{WAIT}{PAGE}>Take it?{=0f0314b20808}{PAGE}{=0f041900}{WAIT}{PAGE}{=d703000068af0808}{=e6030600}{=ce0380008caf0808}{=ce038000dcb50808}{PAGE}{=0f04ec00}{=4a04ff00}{WAIT}{=e6030600}{PAGE}{=0f04ed00}{=e0030100}{WAIT}{PAGE}{=0f03ac440808}{=e203ed00}{WAIT}{=e6030100}{=ce038000ceaf0808}{=ce034000e8af0808}{PAGE}{=0f040700}{WAIT}{PAGE}{=e2038f00}{WAIT}{=e6030100}{=ce038000a0af0808}{=e203e100}{WAIT}{PAGE}{=0f040f00}{WAIT}{=e6030600}{=e203e100}{WAIT}{PAGE}{=e2031b00}{=df030200}{=0e03ecb50808}{=d5030200d8b10808}{=e203e200}{WAIT}{PAGE}{=e2036100}{WAIT}{=e6030600}{=e2031d00}{=0e0332b00808}{PAGE}{=0f040700}{WAIT}{PAGE}{=0f03ac440808}{=d503020040b00808}{=0f03c2420808}{=0f031c510808}{PAGE}{=0f04c900}{=0e035cb00808}{=e2030100}{WAIT}{=e6030800}{=48040101a6b00808}{=e2033400}{WAIT}{PAGE}{=d1030200a2b00808}{DEMON_NAME}{n}is wide open!{WAIT}{PAGE}>Attack?{=0e039cb20808}{=e6030400}{PAGE}{=0f040600}{WAIT}{=e6030100}{=47040700c0b00808}{=0f034cb10808}{=4704080096b30808}{=0f03ceb00808}{PAGE}{=0f043a00}{=0e032ab10808}{=d10302000eb10808}{=ce0380001cb10808}{=ce03800002b10808}{PAGE}{=0f040700}{WAIT}{PAGE}{=0f03ac440808}{PAGE}{=0f045900}{WAIT}{=e6030000}{=ce038000dcb50808}{=0f031cb10808}{=e2035300}{=4c045800}{WAIT}{=e6030600}{=df030100}{=d5030100c2b30808}{=ce0380008eb40808}{=ce03800096b30808}{=0f03dab20808}{=e2033d00}{=0e0396b10808}{=d103020082b10808}{=ce03800076b10808}{PAGE}{=0f043200}{WAIT}{PAGE}{=0f03ac440808}{PAGE}{=0f043400}{WAIT}{=e6030600}{PAGE}{=0f043200}{WAIT}{PAGE}{=e2033500}{WAIT}{=e6030100}{=df030100}{=45040f00}{=d1030200c4b10808}{=ce034000b4b10808}{=0f038eb40808}{PAGE}{=0f044100}{=4a040100}{WAIT}{=e6030600}{=e3030100dccb0808}{PAGE}{=0f041300}{WAIT}{=e6030100}{=d503010008b20808}{=df030200}{PAGE}{=0f043300}{WAIT}{PAGE}{=e2031b00}{=0e03feb10808}{=0f03d8b10808}{=df030200}{=0f03fc490808}{PAGE}{=0f04eb00}{WAIT}{=e6030100}{=0e03b0b20808}{=d503020008b20808}{=ce03400036b20808}{PAGE}{=0f04ea00}{=0f0314b20808}{PAGE}{=0f04e700}{WAIT}{PAGE}{DEMON_NAME}{n}is picking up the Macca{WAIT}{PAGE}Ha, you're way open! …{WAIT}{PAGE}>Attack?{n}{=0e039cb20808}{PAGE}{=0f04e900}{WAIT}{PAGE}{=d703010098b20808}{=e6030600}{=4b040200}{=4a04fe00}{PAGE}{=0f04e800}{WAIT}{=e6030300}{=d5030100ceb20808}{PAGE}{=0f041900}{WAIT}{PAGE}{=d7030100cab20808}{=e6030600}{PAGE}{=0f041300}{WAIT}{=e6030200}{PAGE}{=0f04db00}{=4c04e400}{=4c04e000}{=0e030eb30808}{PAGE}{=0f043b00}{WAIT}{=4804010102b30808}{=e6030600}{PAGE}{=0f041300}{WAIT}{=e6030000}{=4204010070b3080880b30808}{=480402025cb30808}{=480402014ab30808}{=d50302004ab30808}{PAGE}{=0f045d00}{WAIT}{PAGE}{=e2036000}{WAIT}{PAGE}{=0f03ee410808}{=d10301005cb30808}{=e2037400}{WAIT}{=e6030800}{PAGE}{=0f045400}{WAIT}{PAGE}{=e2035500}{WAIT}{=e6030100}{PAGE}{=0f045400}{=e0030100}{WAIT}{=e6030600}{=48040102dcb50808}{=ce0310008eb40808}{=0f03ac440808}{=480402018eb40808}{=480402028eb40808}{=d5030200c2b30808}{=df030100}{PAGE}{=0f043900}{WAIT}{PAGE}{=0f03c4410808}{=d1030200ceb20808}{PAGE}{=0f044100}{=df030100}{WAIT}{=e6030600}{=df030100}{=e2032d00}{n}{=4c040a00}{=0e0300b40808}{=e2036500}{WAIT}{PAGE}{=e2036300}{WAIT}{=e6030600}{=4704010056b40808}{=df030100}{=d503030044b40808}{=4804020244b40808}{=4804020144b40808}{=e2033900}{WAIT}{PAGE}{=e2035f00}{WAIT}{PAGE}{=130300016100e0d6}区＝",{DEMON_NAME}{n}is picking up the Macca{WAIT}{PAGE}It's wide open!{WAIT}{PAGE}>Attack?{n}
low,story,0808BB78,"JP '＞何をする？' is a neutral action-selection menu prompt ('What will you do?'), matching the sibling prompts in the same dance scene: '＞何かやりますか→>Do something?' (0808BAF8) and '＞誰がやりますか→>Who will do it?' (0808B55E), both kept as '>' prompts. EN 'What are you doing!?' is an indignant exclamation — wrong meaning and drops the '＞' menu marker. (Same misrendering also at sibling 0808C34E.) Not a window-rendering break, just wrong meaning.",What are you doing!?{WAIT}{PAGE}{=130300031000a4bb}区｝,>What will you do?{WAIT}{PAGE}{=130300031000a4bb}区｝
low,story,08095B9A,"JP 'カチクメ………{n}クックックック！' = 'You livestock……' (contemptuous insult) + the laugh. EN keeps only 'Heh, heh, heh!' and drops the カチクメ insult clause. The identical カチクメ is rendered 'YOU LIVESTOCK...' at the sibling 08095CB8, confirming this is a dropped clause rather than intentional condensation. Token structure ({n}) preserved in fix.","Heh, heh, heh!","You livestock...{n}Heh, heh, heh!"
low,dialogue,08077D38,"JP has two clauses: '買いとれる物がないねえ{n}何か品物を持って来て下さいよ' ('Nothing I can buy' + 'please bring me some goods'). EN renders only the first ('You don't have anything!') and drops the second. All sibling weapon/junk-shop empty-inventory variants translate both clauses (08077EC2 'There's nothing to buy.{WAIT}{PAGE}Bring me some goods, dear.'; 080780B0 'Nothing I can buy.{WAIT}{PAGE}Bring me some goods.'), confirming this is an omission. Within budget (max 28).",You don't have anything!,Nothing I can buy.{n}Bring me some goods.
low,dialogue,08090E4E,"JP 'ああぁぁぁ！{n}オイラの仲魔がぁ！！' is purely a panicked exclamation ('Aaah! My ally!!') with no question. EN appends 'What did you do to him?!', which is invented — that accusatory question is the content of the sibling line 08090E72 ('ナカマニ何ヲシタ！！' = 'WHAT DID YOU DO TO MY FRIEND!?'). Hallucinated added sentence; the fix is within budget (max 17).",Aaaaah!! My pal!!{n}What did you do to him?!,Aaaaah!! My pal!!
low,dialogue,08092152,"JP 'キーホー！！{WAIT}{PAGE}調子くれてんじゃないぜー！' has the cry 'キーホー！！' only once, in window 1; window 2 is solely '調子くれてんじゃないぜー！'. EN duplicates 'Kee-Ho!' into window 2 ('Kee-Ho! You've gotta{n}be kidding!'). The repeated cry is invented. PAGE boundary preserved in fix.",Kee-Ho!{WAIT}{PAGE}Kee-Ho! You've gotta{n}be kidding!,Kee-Ho!{WAIT}{PAGE}You've gotta{n}be kidding!
low,dialogue,08094A50,"JP: げろげろー{n} = a retching/jeering grunt, no literal words. The EN appends ""You suck!"", which is verbatim the EN of the next separate entry 08094A5E (つまんねー！); confirmed duplicated into this entry with no break and no JP basis. Minor jeer line, but a genuine leaked duplicate. Stripped to the grunt only.",Bleagh!You suck! …,Bleagh! …{n}
