table_addr,entries,target_lo,target_hi,covered_pct,claiming_sections,status,sample,note
08032BDC,29,080A0CD8,080A0F58,100,negotiate_status,covered,□は/体が麻痺した··□,
08032C60,6,080A0FEE,080A116C,100,negotiate_outcomes,covered,·□は/□に/□づけしようとした··□□しかし　強烈なヒジテツをくらい/倒れた·,
08032CD8,29,080A1190,080A14F2,100,battle_taunts,covered,·ふふふ　ここでは　命など/わたげの様に　かるい！··□,
08032DDC,55,080896E6,0809ECC4,98,dialogue,covered-debug,··□区Rテスト··□狗□区□区□区□区□区□区□区□区□区·01：通常戦闘··,"slot 0 = the orphaned dev debug-menu script (docs/debug-menu.md, no live dispatch); slots 1+ are the negotiation dialogue table (dialogue section)"
08032ED0,75,0809ED0E,0809F28C,100,dialogue,covered,愚かしいにも　ほどがあろう,
08033000,80,0809F2AC,0809F88A,100,dialogue,covered,それじゃあ……,
08033158,97,0809F8CA,0809FF86,100,dialogue,covered,あいにく　,
080332E0,139,0809FF9A,080A0A1A,100,dialogue,covered,どうして？,
08033518,154,0809ACE8,080A0B8E,100,dialogue,covered,わらわは　どうじゃ,
08033788,70,0809B850,0809BFA6,100,dialogue,covered,宝石……それで　いかがです？,
080338A8,6,0809BFBA,0809C05E,100,dialogue,covered,だめです！··神のご意思に　反します/やはり　共には行けません,
080338E8,56,0809C0A2,0809C412,100,dialogue,covered,ならば　,
080339D4,60,0809C44E,0809C9DA,100,dialogue,covered,私は　真メシアに出会えました··どうか/おそばで仕えさせて下さい,
08033AD0,25,0809CA0E,0809CBB0,100,dialogue,covered,私には　神と兄弟が/ついているのですよ,
08033B48,55,0809CBDC,0809CEA0,100,dialogue,covered,神を　裏切るという,
08033C2C,94,0809CEB2,0809D632,100,dialogue,covered,私達天使には　通用しません,
08033DAC,37,0809D69E,0809D9B4,100,dialogue,covered,が………女の魅力など/,
08033E48,24,0809D9C6,0809DAE4,100,dialogue,covered,です　貴方よりまずしい者は/他に大ぜい　いるのですから……,
08033ECC,11,0809DB4E,0809DBB0,100,dialogue,covered,ざんげしますか？,
08033F20,34,0809DC2E,0809DE18,100,dialogue,covered,悪魔との取引など　今のうちに/改めた方が　身のためですよ……,
08033FB0,13,0809DE2A,0809DEE6,100,dialogue,covered,私達は　人間界にいると/かなり力を　使うのです,
08033FEC,62,0809A8BE,0809E11E,100,dialogue,covered,そうですか　,
080340E8,19,0809AA5C,0809AAFC,100,dialogue,covered,楽にしてくれえ！,
08034138,30,0809AB12,0809AC34,100,dialogue,covered,抹殺せよ！,
080341B4,90,080993B4,0809ACDA,100,dialogue,covered,じゅる！,
08034324,12,0809981C,0809985E,100,dialogue,covered,う…うわあー,
0803435C,46,0809987C,08099AB0,100,dialogue,covered,宝石…·…·…·で　手をうとう！,
0803441C,4,08099ACC,08099B0E,100,dialogue,covered,無理だ··やはり　貴様と共には行けぬ/すまぬが　いたし方ないのだ,
0803443C,154,08099B34,0809A582,100,dialogue,covered,気の毒だが　,
080346AC,18,0809A59E,0809A726,100,dialogue,covered,お前の事は/きっと　大地も見守ってくれよう,
080346FC,43,08090BE8,0809A7E0,100,dialogue,covered,私に　何か用か？,
080347AC,523,08090ED4,08094034,100,dialogue,covered,何だと！　,
08034FDC,111,0809404E,080946F2,100,dialogue,covered,近寄るなあ！,
0803519C,9,08094706,08094792,100,dialogue,covered,お主の目！　神がかり者かぁ！,
080351C4,10,080947A4,0809489E,100,dialogue,covered,それで/,
080351FC,36,0808FF12,08094B34,100,dialogue,covered,なぜ/そうまでして　悪魔を狩る？,
08035290,4,0808FFDA,08090020,100,dialogue,covered,さぁ　何してるの？,
080352AC,579,08040E2C,08090438,100,dialogue,covered,不死身の身体に　なでぃたいか？,
0805C400,7,0805C4A8,0805C640,100,story,covered,·いらっしゃい　用件はなんだい？·d◯□九'□九\□九·□九·いらっしゃい　用件,
0805C43C,4,0805DCF0,0805DD84,100,story,covered,·オレも　一度でいいからカジノで/遊んでみたいよ/···□九·SELECTボタン,
0805C460,4,0805E646,0805E6AA,100,story,covered,·なんでも昔あった　○○は/全て直っているらしい/オレには　何のことか/わからな,
0805C484,4,0805EEDA,0805EFAE,100,story,covered,·この街は　地霊どもが住んでいる/やつら　暇さえあれば/酒を飲んでやがる/全く　,
0805C90C,6,0805C924,0805C9CA,100,story,covered,どのアイテムを修復するんだい？·□九どのアイテムを修復する？·□九どのアイテムを,
0805F3A0,4,0805F3B0,0805F48E,100,story,covered,·風の噂で　アヌーンちゃんに/恋人が出来た事を　聞いた…/ファンクラブも/今日で,
0805F8A8,6,0805F8C0,0805FA36,100,story,covered,元鑑定屋：/メモリーに空きが無いな/仲魔を減らしてから/また来ておくれ···□九,
0819853C,6,08002F3E,08003130,100,door_check,covered,入室チェックを行います/□□入室チェック終了/··あなたは力が足りません/ドアは,
084F3838,18,0815BC8C,0815BC8C,100,greetings,covered,私は□　□/貴方に忠誠をちかい/守護をにないましょう/·,
08581598,25,08009010,080094B8,100,bbs_boards,covered,どのボードを読みますか？＞1/No.1「交換」,
0858329C,4,080095D0,08009638,100,bank_sendback,covered,DICREAD＞S/「送り戻し」,
08583788,11,0800969E,0800973E,100,comp_levelrange,covered,　1　　〜　　910　　〜　1920　　〜　2930　　〜　3940　　〜　49,
08589CA8,5,0800975E,080097EC,100,bank_exchange,covered,EXCHANGE＞ћ/「マッカ」,
0858B250,14,08009824,08009AB6,100,link_comm,covered,通信の準備ができていません/通信□境を確認して/再度実行してください,
086BE5EC,4,081231C2,081231FC,100,system_battle_log,covered,戦闘を開始します,
086BE630,9,08123216,08123C9A,100,system_battle_log+system_menu,covered,剣で攻撃します,
086BEC28,27,081231C2,08123C9A,100,menu_config+system_battle_log+system_menu,covered,戦闘を開始します,
086BED5C,108,08123A06,08125ED4,100,battle+battlefrag,covered,□は/にらんだ·,
086BEF10,21,08123052,08123BC2,100,battlefrag,covered,は呪われた,
0876FC00,10,081246B0,0812472E,100,battle,covered,2身合体,
0876FC2C,12,0812474A,08124818,100,battle,covered,店を出る,
0876FC9C,30,08124894,08124B80,100,battle,covered,COMP作動,
0876FD18,10,08124BAA,08124D36,100,battle,covered,·位置替えできない·,
0876FD48,5,08124D72,08124DD8,100,battle,covered,·誰に使いますか？,
0876FD60,25,08124DF2,0812507E,100,battle,covered,出□があります/外へ出ますか？·□愚,
0876FE40,47,0812509E,081254F0,100,battle,covered,□から/MPを吸い取った·,
0876FFB8,28,08125502,0812576E,100,battle,covered,□は/力が抜けていった·,
0877002C,4,0812454E,08125884,100,battle,covered,□を/□に封じこめた·,
08770060,20,0812623E,081264CA,100,battle,covered,□は/どうしますか？,
087700B4,28,081264EE,08126794,100,battle,covered,悪魔を倒した,
087707E0,145,0812490C,081261AA,100,battle,covered,□は回復した·,
08777EA0,6,08123C9A,08123D14,100,system_menu,covered,COMPを使用します,
08777FE0,6,08123D26,08123DD0,100,system_menu,covered,COMP内の仲魔を召喚します,
08778ACC,4,08123E58,08123EB2,100,system_menu,covered,種族別に並べて表示します,
08778DF4,4,08124460,081244A4,100,system_menu,covered,アイテムを使用します,
087E3340,8,087E32C8,087E331C,0,,covered-code,　1〜　9,compendium level ranges: cave_skilllist.c comp_level_vwf synthesizes 'Lv10-19' by address identity (rommap.LEVEL_CAT_BASE) — repoint would break it
087F02C8,12,0815BBD4,0815BDC4,100,greetings,covered,ワシは□　□/今後とも　よろしく/·,
