id_hex,id,rom,name,kind,race,race_name,level,hp,f04,str,int,mag,vit,agi,luk,f0c,f0d,f0e,f11,f1a,f1c,skills,f30
0x000,0,0x0819cb74,Satan,,1,Herald,99,999,659,30,22,24,24,28,20,10,137,27 01 03,1285921aff3eff0858,255,93d00f000052,18e 198 1cd,0000320b4e080500310ec30f00000000000000000000
0x001,1,0x0819cbd4,Metatron,,1,Herald,68,840,236,23,18,22,12,16,10,10,135,0f 01 07,12925c7b1cffff1252,77,938c02002050,1bb 198 1a1 1c7 1cd,0000e30b5c0c530d4601cf071f010000000000000000
0x002,2,0x0819cc34,Kamael,,1,Herald,64,900,211,25,10,10,20,18,10,10,135,24 01 07,9285732dff3dff0a52,75,938604002051,184 1b7 181 1c5,0000310ec30f05002c0f9b104601cf071f0100000000
0x003,3,0x0819cc94,Sariel,,1,Herald,59,810,271,18,12,15,14,15,12,10,134,25 01 03,5d1b1a1cff3fff1252,233,938208002051,18e 1c4 181 1c5,0000310ec30f6d01f40fd70800000000000000000000
0x004,4,0x0819ccf4,Kushiel,,1,Herald,52,588,277,18,12,18,8,15,7,10,135,25 01 07,1c07235388ffff1452,74,937709003052,188 190 181 1c5,0000310ec30f6d01f40fd70800000000000000000000
0x005,5,0x0819cd54,Ophanim,,1,Herald,47,593,210,15,12,13,12,10,9,10,23,25 08 0a,0901050dffffff0252,249,936d08003050,183 1ae 17a 1a4 1ba,0000310ec30f6d01f40fd70800000000000000000000
0x006,6,0x0819cdb4,Raguel,,1,Herald,40,450,169,13,10,12,10,9,9,10,135,25 00 07,01155c21ff36ff0810,255,91600a000010,1c3 189 181 1c5,0000310ec30f6d01f40fd70800000000000000000000
0x007,7,0x0819ce14,Haniel,,1,Herald,37,346,174,8,12,13,9,10,8,10,135,25 00 00,0b1c172fffffff0210,255,915a09000010,1a8 1a4 181 1c5,0000310ec30f6d01f40fd70800000000000000000000
0x008,8,0x0819ce74,Tzaphkiel,,1,Herald,32,286,162,4,12,14,10,8,7,10,135,25 00 00,0f324217ffffff0510,255,915104000010,18f 1ae 186 181 1c5,0000310ec30f6d01f40fd70800000000000000000000
0x009,9,0x0819ced4,Remiel,,1,Herald,28,295,107,13,7,9,7,8,6,10,135,25 00 00,1b1c017b32ffff0310,255,914905000010,1c3 1b8 181 1c5,0000310ec30f6d01f40fd70800000000000000000000
0x00a,10,0x0819cf34,Amaterasu,,2,Amatsukami,59,841,328,18,12,18,15,13,10,10,128,27 04 07,12031c2fff37ff0854,109,937b0f003820,17b 1b7 19f 1c3 192,0000320b4e080500310ec30f00000000000000000000
0x00b,11,0x0819cf94,Tsukuyomi,,2,Amatsukami,54,465,343,10,14,21,11,13,10,10,133,26 05 07,18530f1aff3eff0255,78,937009003811,19d 188 1c2 1b8,0000c30f810f6d01840e240a00000000000000000000
0x00c,12,0x0819cff4,Takemikazuchi,,2,Amatsukami,48,720,167,20,7,11,13,12,7,10,136,21 01 07,090a0b21ff3bff0a55,76,936a02003812,198 18a 1b8 184 19e 19a,00006e0d6108840e240a000000000000000000000000
0x00d,13,0x0819d054,Hinokagutsuchi,,2,Amatsukami,44,554,185,15,9,13,12,11,8,10,136,18 00 03,01035a97ffffff1057,255,936304003812,1ab 1a7 184 189 19d 19a,0000760632069c07540a000000000000000000000000
0x00e,14,0x0819d0b4,Omoikane,,2,Amatsukami,38,169,123,4,15,14,5,13,9,10,139,23 01 00,2a230f18ffffff0210,255,915806005a11,183 1bc 17d 184 1a6,0000c30f810f9c07540a000000000000000000000000
0x00f,15,0x0819d114,Tajikarao,,2,Amatsukami,33,416,67,15,5,6,12,9,8,10,129,24 00 00,8387888fffffff0510,255,914f0a005a00,198 19b 184 1c3 183,0000310ec30f05002c0f9b104601cf071f0100000000
0x010,16,0x0819d174,Ameno Torifune,,2,Amatsukami,29,209,90,10,8,9,6,11,7,10,128,0e 00 00,0f3b3a3c7dffff0810,255,914804005a03,17b 1bb 1a7 1a1 1c4 1ae 1a6,0000310ec30f05004d0a9e0900000000000000000000
0x011,17,0x0819d1d4,Garuda,,3,Avian,49,550,162,13,9,11,13,18,9,10,135,0e 04 05,7b6d215bffffff0c53,238,936204003811,185 1c5 01b 199,0000310ec30f05004d0a9e0900000000000000000000
0x012,18,0x0819d234,Suzaku,,3,Avian,41,340,137,10,9,11,9,15,9,10,135,1d 04 00,48884b7bffffff0c10,255,91560a005a21,192 18f 188,00004d0a9e090500c30fcb1046013c0a2a0100000000
0x013,19,0x0819d294,Yatagarasu,,3,Avian,31,230,106,10,9,11,7,12,5,10,128,18 06 00,6d7b0103ffffff0c10,255,914602005a12,1be 198 185 1c3 192,0000760632069c07540a000000000000000000000000
0x014,20,0x0819d2f4,Phoenix,,3,Avian,22,112,69,5,7,10,5,12,5,10,135,18 01 00,4b1c3621ffffff0510,255,913702005a03,1ae 180 1a4 19c 188 192,0000760632069c07540a000000000000000000000000
0x015,21,0x0819d354,Suparna,,3,Avian,15,70,34,4,4,6,4,12,6,10,135,10 01 00,3334322cffffff0610,255,912c07005a03,192 1aa 1c5 1a3,00008501cd01b305b406490100000000000000000000
0x016,22,0x0819d3b4,Lakshmi,,4,Megami,52,443,288,11,11,14,10,12,30,127,131,25 04 00,44302535ff37ff0a53,234,935404003821,1c3 188 190 1bf 1b8,0000310ec30f6d01f40fd70800000000000000000000
0x017,23,0x0819d414,Parvati,,4,Megami,45,394,322,9,12,18,10,10,9,127,131,25 04 00,072d463024ffff0555,231,934f03003821,1aa 01b 1c5 1ce 17a 19f 17c,0000310ec30f6d01f40fd70800000000000000000000
0x018,24,0x0819d474,Freya,,4,Megami,39,302,246,9,9,16,8,7,12,127,131,25 07 00,17133e3f24ffff0a10,255,914709005a21,1ae 1c6 17d 17b,0000310ec30f6d01f40fd70800000000000000000000
0x019,25,0x0819d4d4,Sarasvati,,4,Megami,35,228,219,5,12,14,8,10,8,127,131,25 01 00,27292a2f32ffff0210,255,914206005a20,18e 1c3 192 1ce 17a 19f 17c,0000310ec30f6d01f40fd70800000000000000000000
0x01a,26,0x0819d534,Arianrhod,,4,Megami,27,204,121,11,7,9,6,10,6,127,133,24 08 00,911b342fffffff1410,255,913704005a20,17b 1c4 17b 1cd 1c7 19c 1a2,0000310ec30f05002c0f9b104601cf071f0100000000
0x01b,27,0x0819d594,Ame-no-Uzume,,4,Megami,21,118,112,6,9,10,5,6,7,127,131,22 00 00,44462e2f90ffff0210,255,912f06005a22,17b 1bb 1a7 17f 193 1bb,0000c30f810f4601cf071f0100000000000000000000
0x01c,28,0x0819d5f4,Ardha,,5,Deity,75,999,393,28,17,20,15,20,22,127,138,0f 01 03,441a127e03ffff0a54,255,939604003812,17b 1c5 199 01b,0000e30b5c0c530d4601cf071f010000000000000000
0x01d,29,0x0819d654,Virochana,,5,Deity,69,791,450,19,20,25,13,17,10,127,128,01 05 05,03127721ff37ff0554,241,939002003812,1ce 17c 1c7 01b 190 1bd 1a3,0000760632064601cf071f0100000000000000000000
0x01e,30,0x0819d6b4,Kalki,,5,Deity,65,873,330,21,14,19,14,16,8,127,134,0f 01 05,1a124d03ffffff1454,110,938c0f003812,184 1c5 186,0000e30b5c0c530d4601cf071f010000000000000000
0x01f,31,0x0819d714,Baal,,5,Deity,58,910,274,19,11,16,16,13,10,127,130,1d 00 03,0b103023ff38ff0554,255,938804003812,1a9 01b 1c5,00004d0a9e090500c30fcb1046013c0a2a0100000000
0x020,32,0x0819d774,Atavaka,,5,Deity,55,741,333,19,15,20,12,10,5,127,134,0e 00 07,191c147603ffff0c54,255,938208003812,17b 198 1a9 188,0000310ec30f05004d0a9e0900000000000000000000
0x021,33,0x0819d7d4,Odin,,5,Deity,48,579,206,18,13,13,10,10,8,127,134,22 00 00,1007291affffff0f50,255,937405003812,183 01b 1a0 17c 1cd,0000c30f810f4601cf071f0100000000000000000000
0x022,34,0x0819d834,Ashtar,,5,Deity,40,540,79,17,6,6,13,11,9,127,136,24 00 00,917d3887ffffff0810,255,916402005a12,17b 190 1bf 198 01b,0000310ec30f05002c0f9b104601cf071f0100000000
0x023,35,0x0819d894,Horus,,5,Deity,37,352,138,10,10,12,10,10,8,127,128,18 04 00,1c292f3623ffff0d10,255,915e02005a12,1b4 1c5 192,0000760632069c07540a000000000000000000000000
0x024,36,0x0819d8f4,Thor,,5,Deity,34,401,79,15,7,7,11,9,7,127,136,21 00 00,090b487dffffff0a10,255,915805005a00,1a1 01b 1c5,00006e0d6108840e240a000000000000000000000000
0x025,37,0x0819d954,Indra,,5,Deity,27,253,39,14,5,4,7,12,7,127,136,21 04 00,090b4821ffffff0a10,255,914a05005a00,17d 1cd 1a2 1c3,00006e0d6108840e240a000000000000000000000000
0x026,38,0x0819d9b4,Barong,,6,Avatar,51,673,184,20,10,14,9,15,8,127,130,13 01 07,4b49686dff32ff0b55,231,937007003811,1a9 1c7 1cd,0000d50d61086d019c07540a00000000000000000000
0x027,39,0x0819da14,Genbu,,6,Avatar,45,770,132,19,10,10,16,6,7,127,138,13 00 00,1c1b4c14ffffff0c50,255,93650a003812,18b 1cd 1af,0000d50d61086d019c07540a00000000000000000000
0x028,40,0x0819da74,Anubis,,6,Avatar,41,468,135,13,10,12,10,10,8,127,138,1d 00 00,191c5c37ffffff0a10,255,915e08005a11,17b 1a5 1ac 192,00004d0a9e090500c30fcb1046013c0a2a0100000000
0x029,41,0x0819dad4,Narasimha,,6,Avatar,35,463,67,16,6,6,11,12,6,127,130,1d 00 00,686d4825ffffff0a10,255,915302005a00,1a3 1c3 190 1cd 1a8,00004d0a9e090500c30fcb1046013c0a2a0100000000
0x02a,42,0x0819db34,Sphinx,,6,Avatar,29,256,88,10,10,10,7,9,5,127,131,1d 00 00,6d68143536ffff0a10,255,914808005a20,192 1ae 17c 1cd 188 192,00004d0a9e090500c30fcb1046013c0a2a0100000000
0x02b,43,0x0819db94,Nandi,,6,Avatar,25,204,82,11,8,12,5,4,7,127,135,1d 00 00,7d8695382dffff0510,255,914107005a03,1a3 1cd 1a0 17c,00004d0a9e090500c30fcb1046013c0a2a0100000000
0x02c,44,0x0819dbf4,Byakko,,7,Holy,42,527,89,15,7,7,11,14,10,127,130,1d 00 00,68493d4cffffff0a10,255,915307005a03,1ac 1bd 19c 18c,00004d0a9e090500c30fcb1046013c0a2a0100000000
0x02d,45,0x0819dc54,Pabilsag,,7,Holy,32,419,94,14,9,10,12,6,4,127,135,1d 01 00,712a3536ffffff0810,255,914408005a20,1aa 1ad 1c5 18e 189,00004d0a9e090500c30fcb1046013c0a2a0100000000
0x02e,46,0x0819dcb4,Bastet,,7,Holy,28,215,78,8,7,10,6,12,7,127,131,1d 04 00,6d991734ffffff0510,255,913e06005a20,1a9 192 19f 1a1,00004d0a9e090500c30fcb1046013c0a2a0100000000
0x02f,47,0x0819dd14,Apis,,7,Holy,20,195,46,9,4,8,8,3,10,127,135,1d 00 00,7d8695972effff0210,255,913207005a03,17b 1ad 192,00004d0a9e090500c30fcb1046013c0a2a0100000000
0x030,48,0x0819dd74,Unicorn,,7,Holy,16,125,39,7,6,7,5,5,8,127,135,1d 00 00,7d1b47863dffff0a10,255,912c07005a03,1c0 1a4 18c 01b 1cd,00004d0a9e090500c30fcb1046013c0a2a0100000000
0x031,49,0x0819ddd4,Heqet,,7,Holy,12,100,35,6,5,9,5,4,5,127,131,1d 00 00,453b3a2e33ffff0210,255,912606005a03,1b1 18a 1a1,00004d0a9e090500c30fcb1046013c0a2a0100000000
0x032,50,0x0819de34,Salamander,,8,Element,32,282,85,12,8,9,10,10,9,127,138,18 00 00,01033d34ffffff0110,255,913507005a12,18e 1c3 1b7 1cd 199 01b,0000760632069c07540a000000000000000000000000
0x033,51,0x0819de94,Undine,,8,Element,30,206,113,6,8,15,9,8,8,127,131,07 00 00,2d2f0917ffffff0110,255,913304005a21,17f 1cd 1a0 17c 01b 1a6,00006e0d61080500eb0a610800000000000000000000
0x034,52,0x0819def4,Sylph,,8,Element,28,146,88,6,11,10,5,12,6,127,131,07 00 00,0e0d0f3b16ffff0110,255,913104005a21,190 1c5 1ae,00006e0d61080500eb0a610800000000000000000000
0x035,53,0x0819df54,Gnome,,8,Element,26,212,73,10,9,9,9,4,5,127,138,2d 00 00,1b0f3228ffffff0210,255,912e05005a00,1a7 01b 1ba,0000310ec30f05004d0a9e094601cf071f0100000000
0x036,54,0x0819dfb4,Flaemis,,8,Element,12,74,24,7,6,8,6,7,6,127,130,18 00 00,0002015affffff0210,255,911d02005a03,1ae 1c6 17d 1b8 01b 193,0000760632069c07540a000000000000000000000000
0x037,55,0x0819e014,Aquans,,8,Element,11,59,26,5,6,10,5,6,5,127,131,07 00 00,2b2e0a3359ffff0210,255,911c03005a03,17b 188 17b 1cd 193,00006e0d61080500eb0a610800000000000000000000
0x038,56,0x0819e074,Aeros,,8,Element,10,44,20,4,8,7,3,8,4,127,131,07 00 00,0c0d0e3134ffff0210,255,911b04005a03,181 17b 1c7 192,00006e0d61080500eb0a610800000000000000000000
0x039,57,0x0819e0d4,Earthys,,8,Element,9,71,18,8,4,4,8,3,4,127,138,2d 00 00,822425262cffff0210,255,911a05005a03,17b 01b 190 01b 193,0000310ec30f05004d0a9e094601cf071f0100000000
0x03a,58,0x0819e134,Shiva,,9,Fury,72,920,332,23,15,20,14,19,20,250,138,27 05 07,120b075cffffff1654,109,939f0f003812,190 1ce 17a,0000320b4e080500310ec30f00000000000000000000
0x03b,59,0x0819e194,Susano-o,,9,Fury,61,988,290,22,13,18,16,16,5,250,136,21 01 07,0b0f498dffffff0f54,79,939b08003812,192 18e 1a7 183,00006e0d6108840e240a000000000000000000000000
0x03c,60,0x0819e1f4,Seiten Taisei,,9,Fury,48,687,186,14,10,13,14,15,6,250,136,01 01 00,0d0f884bffffff0b50,255,938302003812,194 17d 19f 1cd 198 17d 194,7d01760632064601cf071f0100000000000000000000
0x03d,61,0x0819e254,Chernobog,,9,Fury,39,465,128,19,8,10,7,10,7,250,134,16 00 00,1a92104dffffff0f10,255,916f05005a12,19a 180 1c5 1a7 1b5 189,00004d0a9e096d01840e240a00000000000000000000
0x03e,62,0x0819e2b4,Ares,,9,Fury,30,474,73,14,6,5,16,7,4,250,134,24 00 00,49912426ffffff0a10,255,915b02005a12,17b 1c6 192,0000310ec30f05002c0f9b104601cf071f0100000000
0x03f,63,0x0819e314,Ananta,,10,Dragon,61,937,237,21,15,15,18,10,9,250,130,13 05 08,807e6a5995ffff0254,231,938404003812,17b 1a3 1cd 198,0000d50d61086d019c07540a00000000000000000000
0x040,64,0x0819e374,Rahab,,10,Dragon,54,999,185,18,10,13,20,10,9,250,138,13 00 08,80687d21ffffff0549,232,938005003812,1c3 1a8 1af,0000d50d61086d019c07540a00000000000000000000
0x041,65,0x0819e3d4,Itzamna,,10,Dragon,50,651,208,15,12,16,12,10,10,250,129,18 00 00,4b035a3dffffff0850,255,937802003812,17d 19d 17a 1ba 005 1a3 01b,0000760632069c07540a000000000000000000000000
0x042,66,0x0819e434,Seiryuu,,10,Dragon,43,576,111,16,8,9,12,11,9,250,130,13 00 00,4b80680bffffff0a10,255,916a04005a12,194 17d 1c4 1bf 17f,0000d50d61086d019c07540a00000000000000000000
0x043,67,0x0819e494,Quetzalcoatl,,10,Dragon,39,522,94,16,8,8,12,9,8,250,130,13 00 00,684e803a34ffff0a10,255,916205005a11,18a 19d 17b 1c5 184 1a1 1c5,0000d50d61086d019c07540a00000000000000000000
0x044,68,0x0819e4f4,Baek Yong,,10,Dragon,36,464,85,18,7,8,10,7,8,250,130,13 00 00,4b688035ffffff0810,255,915c05005a03,1b3 188 1c2 1cd,0000d50d61086d019c07540a00000000000000000000
0x045,69,0x0819e554,Maya,,10,Dragon,34,405,90,12,6,10,12,6,10,250,129,13 00 00,2d3037333435ff0210,255,91580a005a03,1b7 1be,0000d50d61086d019c07540a00000000000000000000
0x046,70,0x0819e5b4,Kali,,11,Lady,65,967,319,26,12,18,11,19,11,250,131,06 06 07,1a44507e49ffff1854,207,939908003820,184 01b 1c4 01b,00002c0f9b104601cf072a0100000000000000000000
0x047,71,0x0819e614,Ishtar,,11,Lady,56,682,398,9,13,25,14,14,7,250,133,0e 01 05,170f0a213037ff0554,255,938f09003821,17d 190 1bf 198 1c5,0000310ec30f05004d0a9e0900000000000000000000
0x048,72,0x0819e674,Durga,,11,Lady,47,600,206,17,8,15,10,12,8,250,131,24 06 00,8d1a5b21ffffff0a50,255,937c08003820,1a2 1c5 185 01b,0000310ec30f05002c0f9b104601cf071f0100000000
0x049,73,0x0819e6d4,Kikuri-hime,,11,Lady,38,285,190,7,13,15,7,8,10,250,131,22 00 00,30173705ffffff0a10,255,916903005a21,186 188 1c4 1ab 1bb,0000c30f810f4601cf071f0100000000000000000000
0x04a,74,0x0819e734,Hariti,,11,Lady,33,339,119,11,8,11,9,9,8,250,131,05 00 00,2d5d4744ffffff0f10,255,915e07005a20,1a8 1c4 19f 17c 01b,0000320b4e0805004d0a9e0900000000000000000000
0x04b,75,0x0819e794,Taueret,,11,Lady,26,236,99,12,9,11,6,3,7,250,131,1d 00 00,7f232f25ffffff0310,255,91500a005a21,198 17f 181 1c6 1a1,00004d0a9e090500c30fcb1046013c0a2a0100000000
0x04c,76,0x0819e7f4,Arahabaki,,12,Kunitsu,57,989,251,18,11,17,20,10,8,250,128,0e 04 07,2a1c770bff37ff0654,86,938002003800,17b 1c3 1a8 1a9 186,0000310ec30f05004d0a9e0900000000000000000000
0x04d,77,0x0819e854,Take-Minakata,,12,Kunitsu,53,888,163,21,10,10,15,14,8,250,136,18 01 05,0105148dffffff0a55,87,937902003800,198 18a 1b8 1a3 184 198,0000760632069c07540a000000000000000000000000
0x04e,78,0x0819e8b4,Okuninushi,,12,Kunitsu,50,695,200,16,14,13,13,10,9,250,136,21 05 00,092f22282d37ff0e55,77,937304003811,183 183 1a3 1ba 19a,00006e0d6108840e240a000000000000000000000000
0x04f,79,0x0819e914,Kotoshironushi,,12,Kunitsu,46,616,177,16,10,14,12,10,7,250,136,22 00 00,19142718ff3eff0553,255,936b05003800,18c 1a1 190 1c7 1a5 190,0000c30f810f4601cf071f0100000000000000000000
0x050,80,0x0819e974,Sarutahiko,,12,Kunitsu,43,574,132,14,9,10,13,10,9,250,136,01 00 00,8f1b03992dffff0c10,255,916604005a00,18e 1c5 198 1ab 18c,0000760632064601cf071f0100000000000000000000
0x051,81,0x0819e9d4,Hitokotonushi,,12,Kunitsu,35,393,143,9,13,13,12,5,5,250,136,23 00 05,190d05222899ff0212,255,915708005a00,1ab 1a1 18c 1a1 1a5 190,0000c30f810f9c07540a000000000000000000000000
0x052,82,0x0819ea34,Sukuna-Hikona,,12,Kunitsu,30,141,109,3,13,10,4,15,9,250,138,06 00 00,323b36491cffff0f10,255,914d09005a11,192 188 1a3 1ab 18c 1a3,00002c0f9b104601cf072a0100000000000000000000
0x053,83,0x0819ea94,Ouyamatsumi,,12,Kunitsu,27,309,86,12,7,10,10,5,5,250,136,2d 00 00,29838728ffffff0210,255,91470a005a00,183 183 1be 1b7 19d 1b8,0000310ec30f05004d0a9e094601cf071f0100000000
0x054,84,0x0819eaf4,Dominion,,13,Divine,52,588,211,16,12,14,13,10,8,10,145,25 01 08,121c5c1affffff0815,63,bb5302601810,1a2 1b8 1a4 183 1cd,0000310ec30f6d01f40fd70800000000000000000000
0x055,85,0x0819eb54,Virtue,,13,Divine,44,462,159,15,15,10,12,7,6,10,161,25 01 03,01851c2dff38ff06e7,242,bb4604602810,1ce 17a 01b 19a 1bd 01b,0000310ec30f6d01f40fd70800000000000000000000
0x056,86,0x0819ebb4,Power,,13,Divine,36,356,120,13,8,12,12,5,7,10,186,25 01 0b,931c7b5cffffff0ad7,46,bb3a07602010,1aa 1c9 01b,0000310ec30f6d01f40fd70800000000000000000000
0x057,87,0x0819ec14,Principality,,13,Divine,32,234,89,11,8,9,8,8,8,10,58,25 00 05,0a092f1bffffff01d6,64,bb330a604010,1b0 1c4 1cd 190 1aa 1c4 19f,7c01310ec30f6d01f40fd70800000000000000000000
0x058,88,0x0819ec74,Archangel,,13,Divine,28,224,55,10,6,6,10,8,8,10,33,25 00 05,91021b25ff2e9d04c8,32,bb2d02603810,17b 01b 188 181 1cd 191 180,c501310ec30f6d01f40fd70800000000000000000000
0x059,89,0x0819ecd4,Angel,,13,Divine,21,109,43,9,6,6,5,6,8,10,162,25 00 03,0c322e1bffffff01c7,12,bb2205606010,181 1cd 191 180 1c5,0000310ec30f6d01f40fd70800000000000000000000
0x05a,90,0x0819ed34,Morrigan,,14,Flight,38,298,112,12,8,8,9,13,8,10,35,00 01 01,93499242ffffff14d5,59,bb3508803020,1bc 1c4 01b 17b 1cd,0000310ec30f2701f40fd70800000000000000000000
0x05b,91,0x0819ed94,Macha,,14,Flight,35,240,89,10,6,7,8,15,8,10,51,10 07 09,916d7b6effff9f0cd7,43,bb3102803820,1b7 19c 1a8,00008501cd01b305b406490100000000000000000000
0x05c,92,0x0819edf4,Nemhain,,14,Flight,31,192,104,9,9,9,7,11,5,10,67,00 04 03,0d471705ffffff01e5,290,bb2b05814021,1a6 1ce 17a 1cd,0000310ec30f2701f40fd70800000000000000000000
0x05d,93,0x0819ee54,Aello,,14,Flight,25,114,81,6,5,10,5,13,5,10,35,10 04 05,6d7b0624ffff9f04c7,293,bb2303812820,17b 181 1c7 01b,00008501cd01b305b406490100000000000000000000
0x05e,94,0x0819eeb4,Kelaino,,14,Flight,21,86,78,4,7,11,5,10,4,10,51,10 04 03,086d1e19ffff9e06c7,291,bb1d08813822,18a 1c3 17d 1a7 01b,00008501cd01b305b406490100000000000000000000
0x05f,95,0x0819ef14,Ocypete,,14,Flight,16,62,39,4,4,6,4,12,5,10,67,10 01 08,6d467b1d47ff9e03c7,297,bb1605814021,183 186 1bf 1b3 19f 01b,00008501cd01b305b406490100000000000000000000
0x060,96,0x0819ef74,Bennu,,14,Flight,9,31,27,3,3,6,2,9,4,10,34,10 00 05,160e1f2bff31ff00c7,288,bb0d05814003,1b2 1cd 1a5,00008501cd01b305b406490100000000000000000000
0x061,97,0x0819efd4,Adept,,15,Messian,51,413,245,11,17,15,11,9,7,10,0,09 00 0c,14112a1c19ffff0119,230,1b0002901831,17b 1a0 1b0 1a1,00008b0b320b4d08c30f810f6d01840e240a00000000
0x062,98,0x0819f034,Terminator,,15,Messian,40,438,65,18,7,4,13,10,6,10,145,0d 00 08,8a8b4d4e97ffff06d3,121,1b0006001031,198 01b 1b8 1a6 17d 198 01b,0000760632060500dc0e6a0805004d0a9e09840e240a
0x063,99,0x0819f094,Gyrator,,15,Messian,34,160,134,7,14,12,6,7,6,10,33,05 00 08,0d0f4e5bffff9f01c9,230,1b0009502431,191 181 1c6 01b 198 01b,0000320b4e0805004d0a9e0900000000000000000000
0x064,100,0x0819f0f4,Temple Knight,,15,Messian,26,133,52,13,8,5,7,6,6,10,65,0e 00 09,0c188987ffffff07c7,28,1b0005304031,19f 1cd 1b0 1c5 1a3 17d 1a1,0000310ec30f05004d0a9e0900000000000000000000
0x065,101,0x0819f154,Executioner,,15,Messian,21,124,32,8,7,3,8,8,5,10,49,00 07 09,8e7e1890ffffff0ab7,18,1b0006002031,181 189 195 188 198 01b,0000310ec30f2701f40fd70800000000000000000000
0x066,102,0x0819f1b4,Neophyte,,15,Messian,15,44,40,4,7,8,4,5,5,10,81,00 00 05,00080418ffffff01b6,19,1b0009006031,1a6 183 1ae 17a 17d 1a1,0000310ec30f2701f40fd70800000000000000000000
0x067,103,0x0819f214,Butcher,,15,Messian,9,42,14,7,4,3,6,3,4,10,65,00 00 04,738effffffffff02ba,8,1b0006006031,1af 19c 19a 1bd 01b,0000310ec30f2701f40fd70800000000000000000000
0x068,104,0x0819f274,Yamata no Orochi,,16,Snake,53,762,222,13,10,14,17,10,8,127,130,13 0f 08,7f804dffffff9a0225,243,bb5d03f01812,1be 1b7 198 1a7 183 1c7 19a,0000d50d61086d019c07540a00000000000000000000
0x069,105,0x0819f2d4,Vritra,,16,Snake,48,607,185,18,11,12,11,10,6,127,18,05 01 07,090b1440ffffff06e7,294,bb5402e12011,1ce 1c4 1a1 1c3,0000320b4e0805004d0a9e0900000000000000000000
0x06a,106,0x0819f334,Raja Naga,,16,Snake,42,531,120,18,8,9,11,7,8,127,18,13 00 07,09255972ffffff05d7,56,bb4a05f03011,1a3 01b 185 005 1c3 191 1bd,0000d50d61086d019c07540a00000000000000000000
0x06b,107,0x0819f394,Otohime,,16,Snake,36,334,135,10,10,12,10,8,7,127,131,05 00 05,0a5944ffff36ff01c7,47,bb3f04e04020,183 1a1 1ab 1bb,0000320b4e0805004d0a9e0900000000000000000000
0x06c,108,0x0819f3f4,Mizuchi,,16,Snake,33,394,91,16,7,9,11,5,4,127,35,03 00 09,7d72597fffffff01c6,39,bb3a03d03203,1b8 193 19a,00006e0d61084601cf071f0100000000000000000000
0x06d,109,0x0819f454,Naga,,16,Snake,28,266,68,14,6,8,8,5,5,127,50,03 04 07,08832559ffffff04b7,31,bb3104d04000,1a3 01b 185,00006e0d61084601cf071f0100000000000000000000
0x06e,110,0x0819f4b4,Nozuchi,,16,Snake,19,165,29,10,4,5,9,5,5,127,66,00 00 09,7d7f7225ffffff00b7,219,bb2105d04003,1a7 193 19a,0000310ec30f2701f40fd70800000000000000000000
0x06f,111,0x0819f514,Hanuman,,17,Yoma,46,359,193,16,14,10,6,11,7,127,138,07 04 03,0d0f7388ff3bff08d4,66,bb4007c02011,1a8 1a5 1b7 01b 1cd,00006e0d61080500eb0a610800000000000000000000
0x070,112,0x0819f574,Ganesha,,17,Yoma,43,558,191,15,12,12,3,7,12,127,137,25 00 08,7f172d0d19ffff0ad1,299,bb3c08b13012,185 1a6 01b 190 1bd,0000310ec30f6d01f40fd70800000000000000000000
0x071,113,0x0819f5d4,Djinn,,17,Yoma,37,292,138,13,8,11,8,10,6,127,34,17 00 05,0d0f02ff993aff01c7,48,bb3404604012,191 1cd,00002c0f9b104601cf071f0100000000000000000000
0x072,114,0x0819f634,Tengu,,17,Yoma,31,186,113,10,9,10,6,10,5,127,50,1b 00 05,0e0f88ff993bff05c7,35,bb2b04904000,19f 1cd 189,0000dc0e6a08840e240a000000000000000000000000
0x073,115,0x0819f694,Haokah,,17,Yoma,27,149,94,10,8,10,5,8,5,127,42,22 00 03,090a450bffffff04b6,29,bb2605504000,1a8 183 184 01b,0000c30f810f4601cf071f0100000000000000000000
0x074,116,0x0819f6f4,Mercurius,,17,Yoma,14,60,40,6,7,7,5,6,2,127,16,05 00 08,0c185b57ffffff02b7,292,bb1409c14012,1bb 1c5 188 1c4 17f 192,0000320b4e0805004d0a9e0900000000000000000000
0x075,117,0x0819f754,Cerberus,,18,Beast,43,477,90,18,8,7,9,11,9,127,18,1c 00 04,684b49ffff37ff04d3,223,bb4102c02803,18a 1c5 1b2 1c7 192,0000760632069c07540a000000000000000000000000
0x076,118,0x0819f7b4,Gdon,,18,Beast,39,419,79,17,5,8,9,14,5,127,18,1d 00 0b,6d681bffffffff05c7,292,bb3b02914003,1a2 17e 1cd,00004d0a9e090500c30fcb1046013c0a2a0100000000
0x077,119,0x0819f814,Selket,,18,Beast,30,232,78,8,7,10,9,10,5,127,19,00 07 08,681d1f0f49ffff03c6,298,bb2d08814020,194 1c5 18a 1a1,0000310ec30f2701f40fd70800000000000000000000
0x078,120,0x0819f874,Orthrus,,18,Beast,26,198,42,11,4,6,7,9,7,127,34,00 00 05,686d485fffffff05b6,293,bb2705814003,183 1c5 1a1 1c7 192,0000310ec30f2701f40fd70800000000000000000000
0x079,121,0x0819f8d4,Nekomata,,18,Beast,20,83,46,4,7,8,5,9,6,127,51,00 01 07,6d0e1788ffff9e05b7,21,bb1e09a04022,1a6 18c 1b7 198,0000310ec30f2701f40fd70800000000000000000000
0x07a,122,0x0819f934,Cu Sith,,18,Beast,14,72,23,7,4,5,5,7,5,127,50,00 00 07,684513ffff3aff01b4,228,bb1509904003,184 01b 190 01b,0000310ec30f2701f40fd70800000000000000000000
0x07b,123,0x0819f994,Cait Sith,,18,Beast,12,47,26,5,5,7,4,6,3,127,50,00 00 07,6d2e1724ffff9e01b7,9,bb120aa04802,18a 19c 1a1 190 01b,0000310ec30f2701f40fd70800000000000000000000
0x07c,124,0x0819f9f4,Nyx,,19,Night,47,277,245,11,12,16,5,11,11,127,137,23 00 0a,13175810ff37ff0117,291,ac3d09512020,1a4 1bf 188 192,0000c30f810f9c07540a000000000000000000000000
0x07d,125,0x0819fa54,Vampire,,19,Night,35,294,149,14,8,13,8,8,2,127,71,16 00 08,132a6c5d4affff01f8,291,ac2e08613c11,1ce 17a 1cd 1aa 17d 17b,00004d0a9e096d01840e240a00000000000000000000
0x07e,126,0x0819fab4,Lilim,,19,Night,23,113,91,6,5,12,5,9,4,127,57,17 00 03,056c475dffff9e01e7,24,ac1e0a604022,1c4 1c4 1ba,00002c0f9b104601cf071f0100000000000000000000
0x07f,127,0x0819fb14,Nightmare,,19,Night,15,60,63,3,7,10,4,6,4,127,71,17 00 03,0c0d1314ffffff05e5,14,ac1409304002,1a3 17d 1a1 1bb 17b,00002c0f9b104601cf071f0100000000000000000000
0x080,128,0x0819fb74,Empusa,,19,Night,12,61,50,4,6,9,5,5,2,127,169,05 00 07,086d5b25ff3a9f00e7,11,ac1004704021,181 1cd 1b0 01b 18e,0000320b4e0805004d0a9e0900000000000000000000
0x081,129,0x0819fbd4,Alp,,19,Night,8,38,28,2,6,7,4,5,4,127,57,05 00 03,15161314ff319e00e5,6,ac0a09504822,17b 1c5 1b0,0000320b4e0805004d0a9e0900000000000000000000
0x082,130,0x0819fc34,Titan,,20,Jirae,44,618,91,19,8,9,12,7,7,127,32,00 00 05,7d847f7effffff01d7,61,bc420aa02800,19f 17c 198 01b 1cd,0000310ec30f2701f40fd70800000000000000000000
0x083,131,0x0819fc94,Ubelluris,,20,Jirae,34,494,46,17,6,5,14,6,5,127,0,00 00 04,827f7effffffff01c5,295,bb3305b13c00,17f 1b2 1c5 1c4,0000310ec30f2701f40fd70800000000000000000000
0x084,132,0x0819fcf4,Tsuchigumo,,20,Jirae,27,236,48,12,7,7,9,6,4,127,74,00 00 09,701b1487ff3dff06b6,297,bb2908a14000,19d 19a 189 1bc,0000310ec30f2701f40fd70800000000000000000000
0x085,133,0x0819fd54,Duergar,,20,Jirae,18,130,29,9,6,6,8,4,4,127,90,00 00 04,0c251b93ff23ff03b6,16,bb1b07b04000,1a2 1ce 180 1c5 185 01b,0000310ec30f2701f40fd70800000000000000000000
0x086,134,0x0819fdb4,Sudama,,20,Jirae,11,65,17,5,3,6,8,5,3,127,178,22 00 05,0e182521ff33ff00b4,226,bb1109c04000,192 199 1b7,0000c30f810f4601cf071f0100000000000000000000
0x087,135,0x0819fe14,Knocker,,20,Jirae,6,29,9,4,3,4,3,3,6,127,138,00 00 03,0c45242bff339e00bc,1,bc0605a07802,1a7 19c 184 01b,0000310ec30f2701f40fd70800000000000000000000
0x088,136,0x0819fe74,Titania,,21,Fairy,48,420,264,14,11,17,9,10,6,127,131,26 05 03,47440742ffff5401e7,299,bb4109a12022,19f 17c 198 01b 1a4 17b,0000c30f810f6d01840e240a00000000000000000000
0x089,137,0x0819fed4,Oberon,,21,Fairy,45,358,243,13,14,15,8,9,5,127,131,22 04 08,16170b29ffffff01d7,295,bb3d04912811,183 1b2 1c7 1cd,0000c30f810f4601cf071f0100000000000000000000
0x08a,138,0x0819ff34,Cu Chulainn,,21,Fairy,40,454,131,16,7,10,13,9,6,127,130,04 08 09,921c2418ffffff14d5,60,bb3603603011,188 01b 005 1ae 01b 1c4 1cd,0000eb0a61080500d50d61084601cf071f0100000000
0x08b,139,0x0819ff94,Nadja,,21,Fairy,30,227,120,10,10,11,9,6,4,127,3,22 00 0a,172f09363334ff02d0,255,bb2909804022,1a3 191 1bd,0000c30f810f4601cf071f0100000000000000000000
0x08c,140,0x0819fff4,Banshee,,21,Fairy,25,156,104,7,9,12,8,5,3,127,57,22 00 06,065b1319ffff5400b6,294,bb2209614020,1a9 1cd 190 01b,0000c30f810f4601cf071f0100000000000000000000
0x08d,141,0x081a0054,Dark Elf,,21,Fairy,18,81,57,8,8,8,4,6,4,127,83,22 00 07,0816130affff9f04b7,20,bb1804604021,199 01b 188 181 1c5 1ae,0000c30f810f4601cf071f0100000000000000000000
0x08e,142,0x081a00b4,Jack O'Lantern,,21,Fairy,13,48,28,4,6,5,4,7,5,127,34,1a 00 02,00010224ffff9f00b6,10,bb0f02604802,191 1bd 19c 188 1c3 1cd 198,cd01760632069c07540a000000000000000000000000
0x08f,143,0x081a0114,Jack Frost,,21,Fairy,12,53,30,5,4,6,4,5,5,127,34,2a 00 02,04050625ffff9f00b6,209,bb0e03704802,191 1bd 19c 188 1ae 1c7 192,a101dc0e6a089c07540a000000000000000000000000
0x090,144,0x081a0174,High Pixie,,21,Fairy,7,20,18,1,4,6,2,6,7,127,131,22 00 0f,162b083109ff9e00be,218,bc0709907821,1a8 17d 1ad 188 190 01b,0000c30f810f4601cf071f0100000000000000000000
0x091,145,0x081a01d4,Franken,,22,Demonoid,16,88,17,10,5,5,6,3,6,127,1,00 00 04,827effffffff9d01b7,16,ba1206404000,1ae 1c3 1cd 186 01b,0000310ec30f2701f40fd70800000000000000000000
0x092,146,0x081a0234,Demi-Nandi,,22,Demonoid,11,22,12,4,4,4,2,4,11,127,66,00 03 06,7d7e7fffffff9a00b1,232,ba0c06304003,1a0 1b8 1a3 1cd 1a0 17c,0000310ec30f2701f40fd70800000000000000000000
0x093,147,0x081a0294,Heracles,,22,Demonoid,7,20,9,5,4,4,2,4,5,127,129,00 00 03,0c8286ffffffff002c,3,190806003801,1b1 1c3 188 1c5 192,0000310ec30f2701f40fd70800000000000000000000
0x094,148,0x081a02f4,Slave,,22,Demonoid,6,23,0,4,3,3,6,3,5,127,81,00 03 01,8286ffffffff9f00b9,7,ba0706005000,192 1c6 17d 1ce,0000310ec30f2701f40fd70800000000000000000000
0x095,149,0x081a0354,Oracles,,22,Demonoid,3,8,7,1,4,4,2,2,5,127,65,00 00 05,081d1effffff9e002e,230,da0302003812,183 1c3 188 1c5 192,0000310ec30f2701f40fd70800000000000000000000
0x096,150,0x081a03b4,Spartan,,22,Demonoid,2,10,0,3,2,3,3,1,6,127,33,00 06 00,82ffffffffff9d002e,4,190206004001,192 1aa 1c5 198 1cd,0000310ec30f2701f40fd70800000000000000000000
0x097,151,0x081a0414,Agares,,23,Fallen,57,741,195,19,11,14,15,10,7,240,138,22 00 05,032a920fffffff0815,247,bb5302901812,17b 185 1c6 192,0000c30f810f4601cf071f0100000000000000000000
0x098,152,0x081a0474,Gaap,,23,Fallen,49,535,181,15,10,15,12,11,7,240,26,22 00 08,0f40174bffffff05e8,254,bb4b03802011,185 01b 1b0,0000c30f810f4601cf071f0100000000000000000000
0x099,153,0x081a04d4,Berith,,23,Fallen,41,473,101,17,8,9,12,8,6,240,18,1c 00 05,9215014dffffff07d6,58,bb3f04603012,1b2 1c4 192,0000760632069c07540a000000000000000000000000
0x09a,154,0x081a0534,Baphomet,,23,Fallen,37,298,145,9,12,15,10,5,4,240,42,22 00 03,165d172f983eff01c6,49,bb3909504011,1a9 1ae 182 1bb 19c 1a1,0000c30f810f4601cf071f0100000000000000000000
0x09b,155,0x081a0594,Eligor,,23,Fallen,29,259,57,12,6,7,10,8,5,240,34,05 00 07,0102489173ffff05c7,34,bb2d02504012,181 1c4 18d 01b 1c5,0000320b4e0805004d0a9e0900000000000000000000
0x09c,156,0x081a05f4,Betelgeuse,,23,Fallen,24,137,48,10,8,6,5,9,4,240,18,00 00 04,020145464dffff03b7,26,bb2505304001,1b2 19f 1c5 187 17f 192,0000310ec30f2701f40fd70800000000000000000000
0x09d,157,0x081a0654,Gagyson,,23,Fallen,15,62,35,5,6,8,5,5,4,240,58,00 00 03,08150a6dffffff02b5,296,bb1704514011,185 187 196 1cd,0000310ec30f2701f40fd70800000000000000000000
0x09e,158,0x081a06b4,Ukobach,,23,Fallen,10,30,22,4,5,7,3,4,5,240,42,1a 00 04,000222ffffffff00b9,7,bb0f02904001,17f 18c 1a9 188,0000760632066d019c07540a00000000000000000000
0x09f,159,0x081a0714,Yaksha,,24,Brute,46,611,125,21,6,10,12,10,6,240,40,1c 00 07,8d03092cff34ff0ce4,67,bc4a02a02012,1be 188 190 1bd,0000760632069c07540a000000000000000000000000
0x0a0,160,0x081a0774,Shuten Doji,,24,Brute,40,484,105,19,7,9,11,8,6,240,24,00 00 07,8487887effffff08d7,51,bc4004803000,190 1bf 19f 1cd 1a2 17f 191,0000310ec30f2701f40fd70800000000000000000000
0x0a1,161,0x081a07d4,Yaksini,,24,Brute,33,328,78,14,6,8,10,9,5,240,40,00 00 03,8e87442cff33ff08c7,40,bc3502b03c21,1be 188 190 1a4 01b,0000310ec30f2701f40fd70800000000000000000000
0x0a2,162,0x081a0834,Turdak,,24,Brute,28,263,55,14,6,6,9,6,5,240,153,25 00 05,8f2c1c213635ff07b2,64,bc2d02a04012,1a1 17e 1c5 199 188,0000310ec30f6d01f40fd70800000000000000000000
0x0a3,163,0x081a0894,Hannya,,24,Brute,19,135,30,12,5,4,6,8,3,240,19,00 00 09,0d5b8690ff99ff04b5,25,bc1e02604020,1a8 1cd 1a4 1bd,0000310ec30f2701f40fd70800000000000000000000
0x0a4,164,0x081a08f4,Azumi,,24,Brute,13,69,25,8,5,5,5,4,5,240,24,00 00 08,082e5982ffffff00b5,13,bc1504704000,17b 193 1b8,0000310ec30f2701f40fd70800000000000000000000
0x0a5,165,0x081a0954,Ihika,,24,Brute,7,33,13,8,3,4,4,4,3,240,8,11 00 03,82082b80ff349d00ca,222,bc0b04704000,17d 1ab 184,0000760632060500dc0e6a0800000000000000000000
0x0a6,166,0x081a09b4,Rangda,,25,Femme,55,612,253,16,11,17,11,14,7,240,21,0a 04 08,144517684dffff0926,245,ad5e08801820,1c3 1cd 199,00002c0f9b106d01840e240a00000000000000000000
0x0a7,167,0x081a0a14,Volvo,,25,Femme,50,486,225,15,12,16,9,8,8,240,21,22 00 07,1329170719ffff0117,253,ad5508802020,1b5 1c5 1b5,0000c30f810f4601cf071f0100000000000000000000
0x0a8,168,0x081a0a74,Gorgon,,25,Femme,45,423,163,14,11,12,9,12,5,240,25,00 00 07,6e6f415b47ffff01e7,290,ad4d04912820,18d 1c5 18d 1cd,0000310ec30f2701f40fd70800000000000000000000
0x0a9,169,0x081a0ad4,Cailleach Bheare,,25,Femme,38,320,161,9,11,15,10,7,5,240,19,02 00 08,0507471519ff5401d9,209,ad4103804020,184 1c4 17b 19c 1a8 1b2 01b,c301dc0e6a084601cf071f0100000000000000000000
0x0aa,170,0x081a0b34,Arachne,,25,Femme,29,144,78,7,9,8,5,14,4,240,41,00 06 03,7013177225ffff05d8,217,ad310a804021,17b 1c5 18a 1a4 01b,0000310ec30f2701f40fd70800000000000000000000
0x0ab,171,0x081a0b94,Lamia,,25,Femme,24,163,58,11,6,8,6,8,4,240,35,03 00 05,09256c47ffffff04c7,25,ad290a904021,1c3 1b8 17b,00006e0d61084601cf071f0100000000000000000000
0x0ac,172,0x081a0bf4,Hag,,25,Femme,14,67,49,8,5,8,4,5,3,240,3,03 00 08,04052e22ff19ff01c5,289,ad1803912820,1a8 19c 189,00006e0d61084601cf071f0100000000000000000000
0x0ad,173,0x081a0c54,Kamen-Hijiri,,26,Gaean,39,193,76,10,14,13,8,9,4,240,33,22 04 08,160e292affffff03c6,54,190003903030,184 1bb 1cd 1ab 191 1c4,0000c30f810f4601cf071f0100000000000000000000
0x0ae,174,0x081a0cb4,Ashura,,26,Gaean,30,209,77,12,8,8,7,8,6,240,49,0c 01 03,8e7d89ffffff9f08e3,92,190002104030,17b 190 1bf 1c3,0000891061086d019c07540a00000000000000000000
0x0af,175,0x081a0d14,Onmyoji,,26,Gaean,22,111,57,7,8,9,6,5,5,240,33,22 00 0a,8f0a011c19ffff01b5,23,190004704030,183 1cd 1b8 1c1 17f 191,0000c30f810f4601cf071f0100000000000000000000
0x0b0,176,0x081a0d74,Jiraiya,,26,Gaean,15,78,26,7,6,4,6,8,3,240,17,24 04 08,8e888f908cff9710b4,15,19000a604030,191 1c3 17d 1be,0000310ec30f05002c0f9b104601cf071f0100000000
0x0b1,177,0x081a0dd4,Kugutsushi,,26,Gaean,8,22,19,2,6,6,4,4,4,240,17,05 01 05,081625173334ff00b4,9,190009905030,188 189 19d 190,0000320b4e0805004d0a9e0900000000000000000000
0x0b2,178,0x081a0e34,Cthulhu,,27,Vile,67,998,202,22,14,14,15,11,5,10,130,23 0a 08,7217987480ffff0537,298,dd850f013852,188 1a1 17e 1c5 01b,0000c30f810f9c07540a000000000000000000000000
0x0b3,179,0x081a0e94,Pazuzu,,27,Vile,59,800,134,22,9,10,11,17,6,10,138,1b 01 08,0f7b886f21ffff1027,292,dd7b04013852,1aa 193 192,0000dc0e6a08840e240a000000000000000000000000
0x0b4,180,0x081a0ef4,Nyarlathotep,,27,Vile,53,750,161,19,12,13,13,12,4,10,137,26 00 07,0d0f2a986f36600a27,295,dd7102013852,1a4 1bd 1c5 1c3 1a1 1b4 19f,b001c30f810f6d01840e240a00000000000000000000
0x0b5,181,0x081a0f54,Tezcatlipoca,,27,Vile,47,692,123,19,8,12,14,9,5,10,137,16 07 07,847219ff1aff550415,215,dd6208003852,19f 192 184 1a1 1c4 1b6 184,00004d0a9e096d01840e240a00000000000000000000
0x0b6,182,0x081a0fb4,Nalagiri,,27,Vile,41,518,93,18,7,10,11,9,4,10,25,16 00 07,98484d031effff0417,58,dd5308003840,1a3 1c3 187 1c4,00004d0a9e096d01840e240a00000000000000000000
0x0b7,183,0x081a1014,Hraesvelgr,,28,Raptor,48,443,174,15,10,11,10,15,5,10,34,2a 04 05,6d4c7b5bff36ff0ad7,296,bb5608013852,1ae 1c6 192 1b2 1c5 189,0000dc0e6a089c07540a000000000000000000000000
0x0b8,184,0x081a1074,Anzu,,28,Raptor,38,253,114,11,6,10,7,14,5,10,18,19 00 05,687b49ffffff9e0ac7,293,bb4304013843,17b 1cd 193 01b,000076063206840e240a000000000000000000000000
0x0b9,185,0x081a10d4,Gurr,,28,Raptor,26,135,71,7,5,9,6,11,4,10,34,10 00 08,6d487b4d6e2bff09b2,289,bb2c05013852,189 1c5 1c5,00008501cd01b305b406490100000000000000000000
0x0ba,186,0x081a1134,Furiae,,28,Raptor,17,60,44,5,5,8,4,7,4,10,34,10 00 09,157b6d19ffffff06b5,288,bb1b05013861,1ae 1c4 17b 17d,00008501cd01b305b406490100000000000000000000
0x0bb,187,0x081a1194,Chon Chon,,28,Raptor,4,3,8,1,4,5,1,5,3,10,57,14 00 01,6dff27ffff329d0028,217,bb0306002841,19a 1c1 1cd 19a 1c1 1cd,0000760632060500310ec30f46013c0a2a0100000000
0x0bc,188,0x081a11f4,Medusa,,29,Machine,37,470,27,14,8,2,17,10,3,10,144,1e 0c 04,8b86ffffffffff07c2,96,bb00000038b0,1bb 1a0 1bf 01b 18e,00002c0f9b104601cf072a0100000000000000000000
0x0bd,189,0x081a1254,Rabbi,,29,Machine,30,291,34,9,9,5,14,7,3,10,0,1e 00 08,8a1b091718109f04c7,115,bb0000002080,1c3 1ac,00002c0f9b104601cf072a0100000000000000000000
0x0be,190,0x081a12b4,Golem,,29,Machine,26,291,8,14,3,1,14,7,3,10,144,1e 00 07,8a7d4e97ffff9f05b4,115,bb0000004080,18d 01b 1c6 1ba,00002c0f9b104601cf072a0100000000000000000000
0x0bf,191,0x081a1314,Junk,,29,Machine,21,195,18,11,2,6,12,3,2,10,22,20 00 01,894d7fffffffff09b3,118,bb1e000000b2,191 1bd 1cd 188,00006e0d610846013c0a2a0100000000000000000000
0x0c0,192,0x081a1374,Iron Maiden,,29,Machine,8,36,7,5,1,7,6,2,2,10,134,12 00 04,68ff6affffff9d0827,254,bb0f000000b2,17b 17d 17b 1cd 1bb 17d 1a0,cd01310ec30f0500c30fcb1000000000000000000000
0x0c1,193,0x081a13d4,Crazy Dummy,,29,Machine,5,13,5,2,2,7,4,1,2,10,22,12 03 00,82ffffffffffff00ed,229,bb0b000000b1,188 1c6 17d 191 01b 199 1b8,1b00310ec30f0500c30fcb1000000000000000000000
0x0c2,194,0x081a1434,Police,,30,Vaccine,15,68,12,9,6,2,4,5,4,10,16,1f 00 05,891cffffffff600220,255,bb0000000ab0,1b6 1c4 192,00006e0d610846013c0a1f0100000000000000000000
0x0c3,195,0x081a1494,Jaws,,30,Vaccine,10,44,7,7,2,2,5,5,4,10,48,1f 00 09,68497d6affff9f0320,255,bb00000008a0,191 1c1 01b 193,00006e0d610846013c0a1f0100000000000000000000
0x0c4,196,0x081a14f4,Hecatoncheir,,31,Jaki,59,950,56,33,5,5,20,10,5,127,162,0b 09 07,8273847d7effff0c27,290,bd7802013840,1b1 184 1a1 1cd 18a 17d 1c5,0000760632066d019c07540a00000000000000000000
0x0c5,197,0x081a1554,Girimehkala,,31,Jaki,54,736,87,27,8,9,10,10,7,127,2,0a 00 07,404d488effffff0e17,291,1b6d0a013852,187 1c4 1bb 184 1c3,00002c0f9b106d01840e240a00000000000000000000
0x0c6,198,0x081a15b4,Edimmu,,31,Jaki,48,559,89,19,8,11,11,12,4,127,59,1b 00 07,0d140f4dffffff0ae7,297,ba6004013852,181 186 1cd 1ba,0000dc0e6a08840e240a000000000000000000000000
0x0c7,199,0x081a1614,Cyclops,,31,Jaki,40,520,58,20,7,8,13,5,3,127,168,21 00 09,82860b7effff9d08d9,51,cd4e05003840,18e 17d 188 1c7 1b0 192,00006e0d6108840e240a000000000000000000000000
0x0c8,200,0x081a1674,Rakshasa,,31,Jaki,30,281,48,15,5,10,9,6,3,127,40,08 00 05,8c8e4b48ffffff0bc7,32,cb3802004041,1c3 188 190 1bd 01b 18e,0000760632060500dc0e6a084601cf072a0100000000
0x0c9,201,0x081a16d4,Ogre,,31,Jaki,22,167,24,11,4,6,8,4,4,127,8,00 00 09,828649ffffffff08b8,26,bc2604003840,183 01b 185,0000310ec30f2701f40fd70800000000000000000000
0x0ca,202,0x081a1734,Wendigo,,31,Jaki,11,40,16,5,6,7,4,3,2,127,24,2a 00 05,040656ffff32ff05b7,209,bd0e03002841,17f 180 1cd 1a0 17c 18d,0000dc0e6a089c07540a000000000000000000000000
0x0cb,203,0x081a1794,Gremlin,,31,Jaki,6,10,7,2,3,4,2,6,5,127,40,21 00 01,086d27ffffff9e00d7,254,9c0504004842,189 1c6 1ba 1c4 1cd,00006e0d6108840e240a000000000000000000000000
0x0cc,204,0x081a17f4,Behemoth,,32,Wilder,60,999,88,30,8,10,16,9,5,127,138,13 00 03,7f45495830ffff0227,299,b26e02013852,1b2 1ab 1bc 192,0000d50d61086d019c07540a00000000000000000000
0x0cd,205,0x081a1854,Manticore,,32,Wilder,50,739,64,24,8,8,12,12,4,127,18,0c 00 09,7c6b4918ff2dff1017,289,a15a02013852,1b7 1cd 19f 17c 18c 17b,00006e0d61086d019c07540a00000000000000000000
0x0ce,206,0x081a18b4,Scylla,,32,Wilder,45,706,38,20,5,5,16,12,3,127,131,00 08 07,595872ffffffff0227,298,915004013860,192 186 1bf 1c3,0000310ec30f2701f40fd70800000000000000000000
0x0cf,207,0x081a1914,Black Widow,,32,Wilder,31,247,32,17,6,6,4,11,3,127,19,05 00 07,0d2572712c33ff06d8,292,bc3405014060,1af 1c3 19c 188 17f 17d 1a2,7f01320b4e0805004d0a9e0900000000000000000000
0x0d0,208,0x081a1974,Gyu-Ki,,32,Wilder,29,305,33,13,6,7,11,6,2,127,18,00 00 09,867e7d27ffffff05c4,215,9c300a004040,187 1bf 17f 186,0000310ec30f2701f40fd70800000000000000000000
0x0d1,209,0x081a19d4,Nue,,32,Wilder,20,141,18,11,4,5,6,7,3,127,34,00 00 09,6d49886aff2e9e0ac1,232,9c1e0a003843,1a5 181,0000310ec30f2701f40fd70800000000000000000000
0x0d2,210,0x081a1a34,Bicorn,,32,Wilder,15,67,18,5,5,7,5,6,2,127,25,00 00 05,737d25273235ff0cc6,293,9c1408013843,1a9 17d 18c 01b 1cd,0000310ec30f2701f40fd70800000000000000000000
0x0d3,211,0x081a1a94,Garm,,32,Wilder,10,34,11,5,4,5,3,5,3,127,41,00 00 04,68695f24ffffff05c3,192,9c0a02003843,185 1c5 1ba,0000310ec30f2701f40fd70800000000000000000000
0x0d4,212,0x081a1af4,Yggdrasil,,33,Wood,38,496,143,10,10,18,7,6,2,127,49,11 00 05,9818592fffffff00c4,231,9a3a060038b7,17d 189 1a2 1c3 191 1c5,0000760632060500dc0e6a0800000000000000000000
0x0d5,213,0x081a1b54,Alraune,,33,Wood,29,176,96,5,10,15,3,7,4,127,33,17 00 02,13161517ffffff00b5,299,9a2a09014861,17b 1c5 1c3 17f 1a6,00002c0f9b104601cf071f0100000000000000000000
0x0d6,214,0x081a1bb4,Mandrake,,33,Wood,18,114,52,2,8,13,5,3,2,127,33,11 00 02,5b131d3433319f00b5,232,9a160a003841,1b7 1cd 1a2 1c6 17d 188,0000760632060500dc0e6a0800000000000000000000
0x0d7,215,0x081a1c14,Aubrey,,33,Wood,7,29,12,2,4,4,3,3,6,127,17,11 00 07,681f2627ff33ff0026,246,1a03060028b7,183 01b 1a2 1c4 01b,0000760632060500dc0e6a0800000000000000000000
0x0d8,216,0x081a1c74,Corpse,,34,Undead,23,258,26,8,7,9,9,4,2,127,84,16 00 02,5d586affffff9600d6,245,2a4e0a0038a0,18c 01b 1b0 192,00004d0a9e096d01840e240a00000000000000000000
0x0d9,217,0x081a1cd4,Zombie Priest,,34,Undead,19,107,27,3,7,12,5,5,3,127,20,16 00 08,08140a2e19ffff00c8,244,3a0f08003852,197 1cd 1ac 1b0 1c4 01b 192,a1014d0a9e096d01840e240a00000000000000000000
0x0da,218,0x081a1d34,Workaholic,,34,Undead,15,82,13,6,5,3,6,5,5,127,68,14 03 00,82861fffff9a9f04c6,254,2a0c06004090,1c9 01b 184 1b4 1c4 19c 188,0000760632060500310ec30f46013c0a2a0100000000
0x0db,219,0x081a1d94,Bodyconian,,34,Undead,12,71,15,5,5,6,4,3,4,127,36,14 00 07,6e6a445dffff9f00d8,296,3a0a09014891,1b5 1a0 17c 18c 1a4 17b 1cd,0000760632060500310ec30f46013c0a2a0100000000
0x0dc,220,0x081a1df4,Zombie,,34,Undead,5,17,9,2,5,4,3,2,2,127,20,14 02 04,6e9a68ffffff9f0015,1,3a0406003890,197 1cd 1ac,0000760632060500310ec30f46013c0a2a0100000000
0x0dd,221,0x081a1e54,Zombie Dog,,34,Undead,1,6,6,3,2,2,2,3,2,127,36,14 02 04,699affffffff9f0024,189,9901060038b3,197 1cd 1ac 1a2 19c 189,0000760632060500310ec30f46013c0a2a0100000000
0x0de,222,0x081a1eb4,Lucifer,,35,Tyrant,99,999,689,32,19,22,17,20,9,240,138,27 01 00,510305073d3eff1410,255,bbf802003852,1c5 190 1ae 17a 01b,0000320b4e080500310ec30f00000000000000000000
0x0df,223,0x081a1f14,Beelzebub,,35,Tyrant,65,824,332,18,12,17,18,12,8,240,138,22 05 00,104d1a03ffffff0c10,255,bbad04003852,1b2 1c5 195 1af 1af,0000c30f810f4601cf071f0100000000000000000000
0x0e0,224,0x081a1f74,Mara,,35,Tyrant,62,797,283,17,11,15,19,11,6,240,136,22 00 08,0f147a807dffff0217,255,bba503013852,1b7 01b 1c3,0000c30f810f4601cf071f0100000000000000000000
0x0e1,225,0x081a1fd4,Bael,,35,Tyrant,55,621,224,12,12,12,12,12,12,240,131,22 00 08,092c4b430bffff0a10,255,bb9402003852,1a9 181 1c5,0000c30f810f4601cf071f0100000000000000000000
0x0e2,226,0x081a2034,Astaroth,,35,Tyrant,52,567,283,13,15,17,11,11,6,240,131,06 04 08,9250800b17ffff1210,255,bb8c02003851,17b 192 198 1c7 1a1,00002c0f9b104601cf072a0100000000000000000000
0x0e3,227,0x081a2094,Loki,,35,Tyrant,49,710,181,20,9,12,13,10,5,240,136,06 04 0d,8505071715ffff0fd6,63,bb8502003851,1c7 186,00002c0f9b104601cf072a0100000000000000000000
0x0e4,228,0x081a20f4,Hecate,,35,Tyrant,42,326,225,9,14,17,8,9,5,240,133,26 0a 0a,1a2937173fffff06d0,255,bb7309003860,1b1 184 01b 19f,0000c30f810f6d01840e240a00000000000000000000
0x0e5,229,0x081a2154,Tiamat,,36,Drake,51,757,114,26,9,10,10,9,7,240,131,13 09 03,094d59448730ff0517,255,bc8404013860,19f 17c 17b 1b7 19c 1a1,0000d50d61086d019c07540a00000000000000000000
0x0e6,230,0x081a21b4,Kingu,,36,Drake,46,685,93,25,8,9,11,7,6,240,130,13 07 0d,484b7d7e5cffff04d4,231,bc7802003851,186 1cd 189 01b,0000d50d61086d019c07540a00000000000000000000
0x0e7,231,0x081a2214,Nidhoggr,,36,Drake,43,583,74,22,6,8,10,8,7,240,18,13 00 09,694d7d80ffffff05d7,290,bc7108013843,1a4 01b 193 1b4 19c 189,0000d50d61086d019c07540a00000000000000000000
0x0e8,232,0x081a2274,Tarasque,,36,Drake,35,487,48,15,5,6,15,5,6,240,18,13 00 09,696e484dffffff01c7,38,bc5e02004040,198 1c3 192 188,0000d50d61086d019c07540a00000000000000000000
0x0e9,233,0x081a22d4,Wyvern,,36,Drake,28,221,32,11,4,5,7,12,5,240,50,13 00 09,68884bffffffff07b7,293,bd4d050120b8,1c9 17d 1a9 01b 1cd,0000d50d61086d019c07540a00000000000000000000
0x0ea,234,0x081a2334,Worm,,36,Drake,16,102,16,10,3,4,5,4,5,240,18,00 00 02,7d1e25ffffffff02b5,19,bd35050028b8,1c9 01b 1ba,0000310ec30f2701f40fd70800000000000000000000
0x0eb,235,0x081a2394,Vetara,,37,Haunt,44,299,147,11,11,15,7,11,5,240,57,17 00 03,5d15ff1dffff5502d7,213,ba6c080038a0,1ce 180 01b 198 1c3,00002c0f9b104601cf071f0100000000000000000000
0x0ec,236,0x081a23f4,Yaka,,37,Haunt,32,134,77,9,5,12,3,13,5,240,89,05 00 08,685d691d1e1f6d04c5,41,ba4b08003042,1be 184 01b,0000320b4e0805004d0a9e0900000000000000000000
0x0ed,237,0x081a2454,Man Eater,,37,Haunt,25,150,43,10,8,6,6,6,5,240,36,16 00 08,6e5d446affff5400c7,294,ba370a013891,1b7 1cd 17d 01b 198 01b,00004d0a9e096d01840e240a00000000000000000000
0x0ee,238,0x081a24b4,Ghoulette,,37,Haunt,16,66,25,7,5,6,4,7,2,240,36,14 00 07,685d6fffff2cff03d9,291,b91e0a014091,189 01b 1c3 01b,0000760632060500310ec30f46013c0a2a0100000000
0x0ef,239,0x081a2514,Ghoul,,37,Haunt,14,53,21,6,4,6,4,6,3,240,52,14 00 04,686d5dffff2cff04d8,254,b9180a004090,189 01b 1c5,0000760632060500310ec30f46013c0a2a0100000000
0x0f0,240,0x081a2574,Preta,,37,Haunt,3,6,6,2,3,4,3,4,2,240,36,14 00 00,686d5dffffff9f0027,254,a901080030a3,185 186,0000760632060500310ec30f46013c0a2a0100000000
0x0f1,241,0x081a25d4,Legion,,38,Spirit,38,306,74,12,9,11,10,8,3,240,116,16 00 05,5d10ffffffff5502c5,254,bb39080038a0,1c6 187 183 1cd,00004d0a9e096d01840e240a00000000000000000000
0x0f2,242,0x081a2634,Inferno,,38,Spirit,29,170,53,9,9,10,7,7,2,240,52,19 00 05,4b015affff34ff00b6,210,bb2c020038a2,17d 1cd 1ae 180 1c5 1a7,000076063206840e240a000000000000000000000000
0x0f3,243,0x081a2694,Depth,,38,Spirit,15,85,17,6,5,5,8,5,2,240,52,15 00 02,5d591fffffffff00b5,289,db18080138a0,1a0 1b0 192,0000310ec30f46013c0a2a0100000000000000000000
0x0f4,244,0x081a26f4,Hanged Man,,38,Spirit,13,38,12,6,5,3,2,9,3,240,132,15 00 04,5d251dffffffff0013,214,eb14080030a0,1a8 1cd 189 1a2 1b7 1cd,0000310ec30f46013c0a2a0100000000000000000000
0x0f5,245,0x081a2754,Poltergeist,,38,Spirit,2,6,6,1,3,4,1,4,3,240,25,15 00 06,5b1f26ffff319f0027,288,1b03050140b6,1b6 1c5 198 01b 185 17d 192,a101310ec30f46013c0a2a0100000000000000000000
0x0f6,246,0x081a27b4,Old One,,39,Foul,49,945,85,17,10,9,17,10,4,240,41,22 05 09,0d726affffffff02d5,288,bbb0050138b7,183 01b 1c5 1a2 1c9 1cd,0000c30f810f4601cf071f0100000000000000000000
0x0f7,247,0x081a2814,Doppelganger,,39,Foul,39,361,94,8,13,13,8,7,5,240,137,0a 05 07,8f0f1898ffffff0cc4,294,bb88080138b5,1a2 19c 1b3 1c5 18b 1cd 185,1b002c0f9b106d01840e240a00000000000000000000
0x0f8,248,0x081a2874,Black Ooze,,39,Foul,28,330,25,12,3,5,9,8,6,240,57,28 00 08,5d4dffffffff960018,245,bb5c080020b4,1af 1c3 19c 188 17f 01b 193,000074084601cf072a01000000000000000000000000
0x0f9,249,0x081a28d4,Chris the Car,,39,Foul,17,186,14,11,3,4,8,4,2,240,25,20 00 09,7d4d7fffffffff0716,23,bb30090000b2,188 1c4 192 005 18f 005 184,1b006e0d610846013c0a2a0100000000000000000000
0x0fa,250,0x081a2934,Jack the Ripper,,39,Foul,9,34,7,6,3,2,3,8,2,240,57,16 00 01,141f26ffff3c9e09b8,5,aa1005003841,191 1bd 19c 188 005 1c4 1aa,1b004d0a9e096d01840e240a00000000000000000000
0x0fb,251,0x081a2994,Slime,,39,Foul,6,30,11,3,4,6,3,2,2,240,57,06 00 02,989affffffff960023,245,b904050000b4,192 1c3 17d 1ba,00002c0f9b104601cf072a0100000000000000000000
0x0fc,252,0x081a29f4,Andromeda,,40,Virus,20,129,27,9,9,3,7,6,2,240,32,1f 00 05,7c4e7dffffff960230,255,0000000000b7,17b 1cd 1a2 1c7 1bb 199,00006e0d610846013c0a1f0100000000000000000000
0x0fd,253,0x081a2a54,Spider,,40,Virus,8,30,8,2,4,1,6,8,2,240,16,1f 00 03,86ff71ffffff9f0220,255,0000000000b1,192 1aa 17d 199 01b,00006e0d610846013c0a1f0100000000000000000000
0x0fe,254,0x081a2ab4,Moebius,,40,Virus,3,11,5,2,2,1,3,3,6,240,144,1f 00 04,68ffffffffffff0020,255,0000000038b7,1bb 1ac 17f 192,00006e0d610846013c0a1f0100000000000000000000
0x100,256,0x081a2b74,Red Bear,Boss,41,Ranger,10,67,0,8,5,3,4,5,5,127,1,00 00 02,8388ffffffffff0357,169,0200000000b0,1c6 19c 1a2 005 1b2 17b 01b,00000000000000000000000000000000000000000000
0x101,257,0x081a2bd4,Mercurius,Boss,17,Yoma,18,162,117,7,8,9,6,8,6,127,10,27 03 03,0c6d2257ffffff0316,238,2300000000b0,1bb 1c5 188 1c4 17f 192,00000000000000000000000000000000000000000000
0x102,258,0x081a2c34,Basilisk,Boss,36,Drake,20,174,125,11,7,9,7,10,6,240,2,2c 00 07,4d6b6fffffffff082f,220,3400000000b0,1a9 191 1c4 192 188,00000000000000000000000000000000000000000000
0x103,259,0x081a2c94,King Frost,Boss,35,Tyrant,22,220,176,13,10,11,8,7,8,127,10,29 00 10,0405074f4cff21053f,234,4400000000b0,186 1cd 189 1ae 1c7 192 1a1,00000000000000000000000000000000000000000000
0x104,260,0x081a2cf4,Demi-Nandi,Boss,22,Demonoid,12,86,45,10,5,5,4,6,15,127,7,00 00 07,9d7d7e7f9affff0048,232,e700000000b0,1a0 1b8 1a3 1cd 1a0 17c,00000000000000000000000000000000000000000000
0x105,261,0x081a2d54,Betelgeuse,Boss,23,Fallen,24,306,302,13,12,12,6,7,8,240,2,27 00 11,02812b165e0a170438,294,5500000100b0,1b2 19f 1c5 187 17f 192,00000000000000000000000000000000000000000000
0x106,262,0x081a2db4,Daleth (1st),Boss,41,Ranger,20,74,161,13,9,7,10,10,5,10,1,05 00 07,8c8e2c85ffffff0f20,255,1100000000b0,199 1c6 192,00000000000000000000000000000000000000000000
0x107,263,0x081a2e14,Janus,Boss,17,Yoma,22,307,285,10,7,15,18,3,5,127,2,27 07 10,2a1418291d25ff0a55,226,4500000000b0,1be 1a5 192,00000000000000000000000000000000000000000000
0x108,264,0x081a2e74,Zayin,Boss,41,Ranger,25,360,236,14,11,8,9,11,8,10,10,27 01 07,878883908fffff1430,255,2100000000b0,18f 17d 1cd,00000000000000000000000000000000000000000000
0x109,265,0x081a2ed4,Daleth (2nd),Boss,41,Ranger,23,320,209,15,10,8,11,13,6,10,1,36 00 07,8c8e2c8521ffff1630,255,4100000000b0,199 1c6 192,00000000000000000000000000000000000000000000
0x10a,266,0x081a2f34,Baphomet,Boss,23,Fallen,37,760,622,16,10,19,12,8,8,240,2,27 07 10,5d1617152198ff0a5f,245,3400000000b0,1a9 1ae 182 1bb 19c 1a1,00000000000000000000000000000000000000000000
0x10b,267,0x081a2f94,Sarutahiko,Boss,12,Kunitsu,43,1200,510,18,10,12,16,13,10,240,8,2e 07 10,8f032c9a211bff1260,255,4400000000b0,18e 1c5 198 1ab 18c,00000000000000000000000000000000000000000000
0x10c,268,0x081a2ff4,Daleth (3rd),Boss,41,Ranger,26,580,300,19,11,11,12,14,9,10,1,2f 00 07,8c0d2c8521ffff1930,255,3100000000b0,199 1c6 192,00000000000000000000000000000000000000000000
0x10d,269,0x081a3054,Belphegor,Boss,35,Tyrant,50,1625,980,18,16,20,16,10,8,240,2,2e 07 10,864b4c211815160c75,251,5500000000b0,1b2 1c5 1ae 180 18d 01b 1c5,00000000000000000000000000000000000000000000
0x10e,270,0x081a30b4,Gimmel,Boss,41,Ranger,53,1685,1317,8,25,23,20,8,5,10,0,27 00 07,4e0e742a29232c0276,247,cc00000000b0,187 1bb 1c5,00000000000000000000000000000000000000000000
0x10f,271,0x081a3114,Uriel,Boss,1,Herald,48,1800,504,21,10,10,21,12,10,2,10,2f 07 08,8887850f182a9a1e77,237,7700000000b0,17f 1c4 181 1c5,00000000000000000000000000000000000000000000
0x110,272,0x081a3174,Raphael,Boss,1,Herald,50,1556,1015,14,18,20,12,13,9,2,7,31 07 08,0721752c7b21920a77,236,7700000000b0,1c3 1ae 17a 181 1c5,00000000000000000000000000000000000000000000
0x111,273,0x081a31d4,Michael,Boss,1,Herald,54,2856,869,22,14,16,16,14,10,2,0,2e 0a 10,031c6112012a2c1470,255,7700000000b0,1b8 184 181 1c5,00000000000000000000000000000000000000000000
0x112,274,0x081a3234,Lucifuge,Boss,35,Tyrant,30,165,683,4,35,15,3,6,5,255,6,27 00 10,161571292a239d0a7d,251,7700000000b0,1c5 186 1ae 189 192,00000000000000000000000000000000000000000000
0x113,275,0x081a3294,Hecate,Boss,35,Tyrant,42,888,941,9,20,22,12,15,11,255,5,32 07 10,051917291a542c0f7d,249,7700000000b0,1b1 184 01b 19f,00000000000000000000000000000000000000000000
0x114,276,0x081a32f4,Atavaka,Boss,5,Deity,62,2756,1302,22,18,21,15,15,10,127,6,35 05 08,031c1476191a8d197d,241,7700000000b0,17b 198 1a9 188,00000000000000000000000000000000000000000000
0x115,277,0x081a3354,Master Therion,Boss,17,Yoma,54,2284,1002,16,17,18,15,14,10,127,6,2c 01 10,6805499b014d72167f,239,7700000000b0,1b7 192 198 01b 19f 1c4 183,cd010000000000000000000000000000000000000000
0x116,278,0x081a33b4,Abaddon,Boss,35,Tyrant,58,2691,1218,14,18,18,30,8,8,255,6,34 04 0e,2a25109a231d26007f,234,7700000000b0,17b 1a9 1a2 1cd,00000000000000000000000000000000000000000000
0x117,279,0x081a3414,Astaroth,Boss,35,Tyrant,52,1713,1256,12,21,24,14,16,11,255,2,32 07 0e,920b50801707161e7f,236,7700000000b0,17b 192 198 1c7 1a1,00000000000000000000000000000000000000000000
0x118,280,0x081a3474,Kumbhira,Boss,42,Shinshou,38,1122,106,7,22,17,10,20,5,127,8,32 04 10,0f172113708d901c7f,295,7700000100b0,188 1cd 1ac 01b 1c3,00000000000000000000000000000000000000000000
0x119,281,0x081a34d4,Vajra,Boss,42,Shinshou,38,1038,53,19,8,10,27,7,5,127,8,2f 04 10,7d5b8e732425ff0a7f,294,7700000100b0,1ce 17a 191 1c3,00000000000000000000000000000000000000000000
0x11a,282,0x081a3534,Mihira,Boss,42,Shinshou,37,998,43,26,7,8,13,16,5,127,8,2e 04 10,8c48848d6d01ff147f,290,7700000100b0,1b8 1ab 1c3,00000000000000000000000000000000000000000000
0x11b,283,0x081a3594,Andira,Boss,42,Shinshou,37,667,89,11,12,18,14,15,5,127,8,38 04 10,888745136affff0f7f,299,7700000100b0,17b 1cd 19f 17c 1c3,00000000000000000000000000000000000000000000
0x11c,284,0x081a35f4,Majira,Boss,42,Shinshou,36,904,47,23,8,9,14,14,6,127,8,37 04 10,098e4b7859ffff0f7f,292,7700000100b0,1b7 191 1c3,00000000000000000000000000000000000000000000
0x11d,285,0x081a3654,Sandira,Boss,42,Shinshou,36,677,101,14,12,22,11,10,5,127,8,3f 04 10,140d2d0f6affff0c7f,297,7700000100b0,18e 1cd 19f 17c 1c3,00000000000000000000000000000000000000000000
0x11e,286,0x081a36b4,Indara,Boss,42,Shinshou,35,746,56,17,10,11,14,16,5,127,8,39 04 10,01770a8e87ffff0c7f,293,7700000100b0,17d 1cd 199 1c3,00000000000000000000000000000000000000000000
0x11f,287,0x081a3714,Pajira,Boss,42,Shinshou,35,654,65,15,13,12,9,9,15,127,8,3a 04 10,737d132c8fffff0a7f,298,7700000100b0,1aa 191 1c3,00000000000000000000000000000000000000000000
0x120,288,0x081a3774,Makura,Boss,42,Shinshou,34,670,66,16,17,11,11,12,5,127,8,3e 04 10,6d880f902dffff147f,296,7700000100b0,1b7 188 1c3,00000000000000000000000000000000000000000000
0x121,289,0x081a37d4,Sindura,Boss,42,Shinshou,34,603,66,13,13,13,10,18,5,127,8,3d 04 10,880d8e4d210fff0a7f,288,7700000100b0,190 1cd 1a2 17e 01b 1c3,00000000000000000000000000000000000000000000
0x122,290,0x081a3834,Catura,Boss,42,Shinshou,40,869,92,16,16,15,14,12,5,127,8,3c 04 10,8e25485f68ffff0a7f,289,7700000100b0,19a 1bd 19d 1c3,00000000000000000000000000000000000000000000
0x123,291,0x081a3894,Vikarala,Boss,42,Shinshou,40,1029,72,22,10,13,14,14,5,127,8,3b 04 10,7d730d7e05ffff0a7f,291,7700000100b0,1ce 17c 184 1c3 01b 1c3,00000000000000000000000000000000000000000000
0x124,292,0x081a38f4,Tiamat,Boss,36,Drake,50,1844,840,24,14,17,17,15,10,255,3,37 09 10,094d59448772540f78,239,7700000000b0,19f 17c 17b 1b7 19c 1a1,00000000000000000000000000000000000000000000
0x125,293,0x081a3954,Virochana,Boss,5,Deity,70,2946,1568,26,18,23,15,18,12,127,0,2e 0a 10,018d778f125c2c1478,241,7700000000b0,1ce 17c 1c7 01b 190 1bd 1a3,00000000000000000000000000000000000000000000
0x126,294,0x081a39b4,Mara,Boss,35,Tyrant,69,3475,1449,24,16,22,25,13,10,255,8,35 0a 10,7d147a217f80730a7f,223,7700000000b0,1b7 01b 1c3,00000000000000000000000000000000000000000000
0x127,295,0x081a3a14,Lucifer,Boss,35,Tyrant,100,8553,2543,28,23,22,23,18,20,255,0,40 09 10,0305076d102c521670,255,7700000000b0,1c5 190 1ae 17a 01b,00000000000000000000000000000000000000000000
0x128,296,0x081a3a74,Kyzuryu,Boss,0,Godly,80,7232,1512,23,10,21,40,10,10,127,0,37 04 07,7d4e4c7e987f9c0a70,255,7700000000b0,188 193 1c4 1bf 17f,00000000000000000000000000000000000000000000
0x129,297,0x081a3ad4,Sabaoth,Boss,0,Godly,77,3975,2291,22,25,30,20,15,15,1,0,34 0f 10,0f5c769b2c2363007f,231,7700000000b0,19d 17a 1a9 1a1,00000000000000000000000000000000000000000000
0x12a,298,0x081a3b34,Shaddai,Boss,0,Godly,85,4459,3080,25,30,31,18,20,17,1,0,30 0f 10,404e7e74199864007f,231,7700000000b0,190 1bd 199 17d,00000000000000000000000000000000000000000000
0x12b,299,0x081a3b94,Elohim,Boss,0,Godly,93,7492,2495,35,24,24,23,22,20,1,0,2e 0c 10,034b5a12652122007f,231,7700000000b0,181 1c7 1ab 1ba,00000000000000000000000000000000000000000000
0x12c,300,0x081a3bf4,Satan,Boss,0,Godly,100,12500,3885,39,28,38,36,20,18,1,6,41 0c 10,12194d4b80ff661970,255,7700000000b0,18e 198 1cd,00000000000000000000000000000000000000000000
0x12d,301,0x081a3c54,YHVH,Boss,0,Godly,108,17079,5852,40,32,35,39,24,28,1,0,42 0f 10,111221229dff671400,255,0000000000b0,0f5 0e4 0f2 0e4,00000000000000000000000000000000000000000000
0x12e,302,0x081a3cb4,Fake YHVH,Boss,0,Godly,69,3987,1449,25,20,20,17,15,11,2,0,33 07 10,0307620b0f122c0a70,255,7700000000b0,0f5 0e4 0f2 0e4,00000000000000000000000000000000000000000000
0x12f,303,0x081a3d14,Beelzebub,Boss,35,Tyrant,80,6720,1652,28,15,22,28,22,10,255,6,35 00 10,4b6d7e101a436a197f,213,7700000000b0,1b2 1c5 195 1af 1af,00000000000000000000000000000000000000000000
0x130,304,0x081a3d74,Alice,Boss,43,Fiend,35,459,1201,10,18,40,10,10,20,127,131,33 00 07,4647427a5dff9d0a7f,82,7700000000b0,17b 1c4 192,00000000000000000000000000000000000000000000
0x131,305,0x081a3dd4,Ghost Q,Boss,43,Fiend,30,338,315,10,10,10,10,10,60,127,139,27 00 07,9858947481799f0572,84,7700000000b0,18d 01b 192 1a1 0ed,00000000000000000000000000000000000000000000
0x132,306,0x081a3e34,Sage of Time,Boss,43,Fiend,50,938,1575,10,50,20,10,10,10,1,138,35 00 0d,105d19161a15ff0572,80,7700000000b0,143 128 149 125 128 145,00000000000000000000000000000000000000000000
0x133,307,0x081a3e94,Hell Biker,Boss,43,Fiend,35,1256,368,36,10,10,10,40,10,255,145,27 00 07,7d854e1019ffff1472,81,7700000000b0,1b1 1c5 193 181 1cd 191 180,c5010000000000000000000000000000000000000000
0x134,308,0x081a3ef4,Matador,Boss,43,Fiend,40,1800,700,40,30,10,10,20,10,127,139,27 01 07,919045448893761972,83,7700000000b0,1b7 198 1a2 01b 1c5,00000000000000000000000000000000000000000000
0x16a,362,0x081a5334,Apsaras,,17,Yoma,21,152,140,11,12,11,8,13,7,10,137,22 01 03,25182e4446ffff0858,255,930c0f000052,17b 1b0 18e 1c3 192,0000c30f810f4601cf071f0100000000000000000000
0x16b,363,0x081a5394,Skuld,,4,Megami,22,228,140,16,14,18,12,11,30,10,137,25 01 03,2e2a3c46ffffff0858,255,93140f000052,192 188 1c5 1a2,0000310ec30f6d01f40fd70800000000000000000000
0x16c,364,0x081a53f4,Elf,,21,Fairy,26,120,110,15,13,13,9,11,7,127,137,22 01 03,13092c17ffffff0858,255,930e0f000052,181 1c5 1ae,0000c30f810f4601cf071f0100000000000000000000
0x16d,365,0x081a5454,Kushinada-Hime,,4,Megami,28,252,210,9,13,16,11,10,12,10,137,25 01 03,2c2f3d3225ffff0858,255,93160f000052,188 190 1a3 199 1ab 1bb,0000310ec30f6d01f40fd70800000000000000000000
0x16e,366,0x081a54b4,Verdandi,,4,Megami,34,414,280,14,28,20,10,12,18,10,137,25 01 03,302d384651ffff0858,255,931a0f000052,1ce 180 1c5 18f 1cd 1a0 17c,0000310ec30f6d01f40fd70800000000000000000000
0x16f,367,0x081a5514,Jinn,,17,Yoma,38,377,98,23,8,10,12,20,7,240,137,00 01 03,13181e7688ffff0858,255,93160f000052,17d 1a9 1c3 187 1a2 17f 191,0000310ec30f2701f40fd70800000000000000000000
0x170,368,0x081a5574,Pascal 1,,18,Beast,43,420,56,25,7,10,14,18,12,127,137,1c 01 03,684b379349ffff0858,255,93190f000052,1aa 192 184 1c5,0000760632069c07540a000000000000000000000000
0x171,369,0x081a55d4,Urd,,4,Megami,46,520,290,20,14,25,14,15,14,10,137,25 01 03,2d24260a44ffff0858,255,931e0f000052,17f 1c5 193,0000310ec30f6d01f40fd70800000000000000000000
0x172,370,0x081a5634,Yurlungur,,16,Snake,46,515,69,25,10,11,18,15,10,240,137,13 01 03,69724d80ffffff0858,255,931c0f000052,1c0 1c5 1cd 189,0000d50d61086d019c07540a00000000000000000000
0x173,371,0x081a5694,Takuhi,,3,Avian,52,550,209,17,12,15,15,24,18,10,137,10 01 03,094e7b5b84ffff0858,255,93200f000052,198 188 1ab,00008501cd01b305b406490100000000000000000000
0x174,372,0x081a56f4,Amon,,27,Vile,55,636,108,30,15,18,14,12,25,10,137,1b 01 03,01034b5b84ffff0858,255,931c0f000052,17b 1bc 1cd,0000dc0e6a08840e240a000000000000000000000000
0x175,373,0x081a5754,Dullahan,,21,Fairy,57,588,200,26,16,15,16,14,6,127,137,04 01 03,19428e73ffffff0858,255,931f0f000052,1a0 1bf 1c3 1a8 03c 1cd,0000eb0a61080500d50d61084601cf071f0100000000
0x176,374,0x081a57b4,Midgardsomr,,36,Drake,58,635,64,34,8,10,18,12,10,240,137,13 01 03,4d727f807dffff0858,255,931e0f000052,1b8 193 185 1c5 193 183 1c5,ba01d50d61086d019c07540a00000000000000000000
0x177,375,0x081a5814,Pascal 2,,18,Beast,63,680,96,35,12,10,24,30,35,127,137,1c 01 03,684b37937d95ff0858,255,93230f000052,1aa 192 184 1c5,0000760632069c07540a000000000000000000000000
0x178,376,0x081a5874,Sargatanas,,23,Fallen,67,704,280,32,16,20,18,14,12,240,137,22 01 03,070f5d3a3bffff0858,255,93250f000052,18e 1c5 185 198 1a3 192,0000c30f810f4601cf071f0100000000000000000000
0x179,377,0x081a58d4,Mephisto,,35,Tyrant,75,862,325,28,18,25,16,20,20,240,137,22 01 03,1a103b090bffff0858,255,932e0f000052,1bb 1ae 17c 192 1a1,0000c30f810f4601cf071f0100000000000000000000
0x17a,378,0x081a5934,Asmodeus,,35,Tyrant,80,956,320,30,32,28,18,20,12,240,137,06 01 03,034b198d80ffff0858,255,93320f000052,17b 192 1bc 1a0 17f 192,00002c0f9b104601cf072a0100000000000000000000
0x17b,379,0x081a5994,Satanachia,,35,Tyrant,95,982,560,30,30,28,22,16,18,240,137,22 01 03,1a0f375d44ffff0858,255,933c0f000052,18e 198 1a3 186 17b,0000c30f810f4601cf071f0100000000000000000000