code	char	left	ink	adv
0001	、	0	3	4
0002	。	0	4	5
0004	.	1	2	3
0005	・	4	2	3
0006	：	4	2	3
0007	;	4	2	3
0008	？	3	5	6
0009	！	5	1	2
000F	ћ	1	10	11
0010	￣	0	12	13
0011	_	0	12	13
0018	々	2	6	7
0019	〆	0	10	11
001A	〇	0	11	12
001B	ー	1	9	10
001C	―	0	12	13
001D	‐	4	3	4
001E	／	0	11	12
001F	\	0	11	12
0020	〜	0	11	12
0021	‖	3	4	5
0022	｜	5	1	2
0023	…	0	10	11
0024	‥	1	8	9
0026	’	1	2	3
0027	“	6	5	6
0028	”	0	5	6
0029	（	7	4	5
002A	）	0	4	5
002B	〔	7	4	5
002C	〕	0	4	5
002D	［	8	3	4
002E	］	0	3	4
002F	｛	7	4	5
0030	｝	0	4	5
0031	〈	7	4	5
0032	〉	0	4	5
0033	《	6	5	6
0034	》	0	5	6
0035	「	7	4	5
0036	」	0	4	5
0037	『	6	5	6
0038	』	0	5	6
0039	【	7	4	5
003A	】	0	4	5
003B	＋	2	7	8
003C	－	2	7	8
003D	±	2	7	8
003E	×	2	7	8
003F	　	0	0	5
0040	÷	1	9	10
0041	＝	1	9	10
0042	≠	1	8	9
0043	<	1	8	9
0044	＞	2	8	9
0045	≤	2	7	8
0046	≥	2	7	8
0047	∞	0	11	12
0048	∴	2	7	8
0049	♂	1	9	10
004A	♀	2	7	8
004D	"	1	4	5
004E	°C	0	10	11
004F	￥	2	7	8
0050	$	2	7	8
0051	¢	2	6	7
0052	ћ	1	10	11
0053	%	0	11	12
0054	#	1	9	10
0055	&	2	7	8
0056	*	2	7	8
0057	@	1	9	10
0058	§	3	5	6
0059	☆	0	11	12
005A	★	0	11	12
005B	○	0	11	12
005C	●	0	11	12
005D	◎	0	11	12
005E	◇	0	11	12
005F	◆	0	11	12
0060	□	1	9	10
0061	■	1	9	10
0062	△	0	11	12
0063	▲	0	11	12
0064	▽	0	11	12
0065	▼	0	11	12
0066	※	1	9	10
0067	〒	1	9	10
0068	→	0	11	12
0069	←	0	11	12
006A	↑	3	5	6
006B	↓	3	5	6
006C	=	1	9	10
0078	∈	1	8	9
0079	∋	2	8	9
007A	⊆	1	9	10
007B	⊇	1	9	10
007C	⊂	1	9	10
007D	⊃	1	9	10
007E	∪	1	8	9
007F	∩	1	8	9
0088	∧	1	9	10
0089	∨	1	9	10
008A	﹁	1	9	10
008B	⇒	0	11	12
008C	⇔	0	11	12
008D	∡	1	9	10
008E	∃	2	7	8
009A	∠	1	8	9
009B	⊥	2	7	8
009C	⌒	0	11	12
009D	∂	3	6	7
009E	∇	1	9	10
009F	≡	1	8	9
00A0	≒	1	9	10
00A1	≪	1	9	10
00A2	≫	1	9	10
00A3	√	0	11	12
00A4	∽	0	11	12
00A5	∞	0	11	12
00A6	∵	2	7	8
00A7	∫	4	3	4
00A8	∬	1	8	9
00B0	Å	2	7	8
00B1	‰	0	11	12
00B2	♯	1	8	9
00B3	♭	4	4	5
00B4	♪	3	6	7
00B5	†	3	5	6
00B6	‡	3	5	6
00B7	¶	2	5	6
00BC	◯	0	0	5
00BD	!	0	1	2
00BE	"	0	3	4
00BF	/	0	3	4
00C0	'	0	1	2
00C1	…	0	7	8
00C4	(	0	3	4
00C5	)	0	3	4
00C8	,	0	2	3
00C9	-	0	3	4
00CA	.	0	1	2
00CB	S	2	7	8
00CC	0	0	5	6
00CD	1	0	3	4
00CE	2	0	5	6
00CF	3	0	5	6
00D0	4	0	6	7
00D1	5	0	5	6
00D2	6	0	5	6
00D3	7	0	5	6
00D4	8	0	5	6
00D5	9	0	5	6
00D6	:	0	1	2
00D7	;	0	2	3
00DB	?	0	5	6
00DD	A	0	7	8
00DE	B	0	5	6
00DF	C	0	7	8
00E0	D	0	6	7
00E1	E	0	5	6
00E2	F	0	5	6
00E3	G	0	7	8
00E4	H	0	6	7
00E5	I	0	1	2
00E6	J	0	4	5
00E7	K	0	6	7
00E8	L	0	5	6
00E9	M	0	7	8
00EA	N	0	5	6
00EB	O	0	7	8
00EC	P	0	5	6
00ED	Q	0	7	8
00EE	R	0	6	7
00EF	S	0	5	6
00F0	T	0	5	6
00F1	U	0	6	7
00F2	V	0	7	8
00F3	W	0	9	10
00F4	X	0	5	6
00F5	Y	0	5	6
00F6	Z	0	6	7
00FE	a	0	5	6
00FF	b	0	5	6
0100	c	0	5	6
0101	d	0	5	6
0102	e	0	5	6
0103	f	0	3	4
0104	g	0	5	6
0105	h	0	5	6
0106	i	0	1	2
0107	j	0	2	3
0108	k	0	4	5
0109	l	0	1	2
010A	m	0	7	8
010B	n	0	5	6
010C	o	0	5	6
010D	p	0	5	6
010E	q	0	5	6
010F	r	0	4	5
0110	s	0	4	5
0111	t	0	3	4
0112	u	0	5	6
0113	v	0	5	6
0114	w	0	7	8
0115	x	0	5	6
0116	y	0	5	6
0117	z	0	5	6
0119	❤︎⁠	0	11	12
011C	ぁ	2	8	9
011D	あ	1	10	11
011E	ぃ	1	8	9
011F	い	1	10	11
0120	ぅ	2	6	7
0121	う	2	7	8
0122	ぇ	2	8	9
0123	え	1	10	11
0124	ぉ	1	9	10
0125	お	0	10	11
0126	か	0	11	12
0127	が	0	11	12
0128	き	1	9	10
0129	ぎ	1	9	10
012A	く	2	6	7
012B	ぐ	2	8	9
012C	け	0	10	11
012D	げ	0	11	12
012E	こ	1	9	10
012F	ご	1	10	11
0130	さ	1	8	9
0131	ざ	1	10	11
0132	し	2	8	9
0133	じ	2	8	9
0134	す	0	11	12
0135	ず	0	11	12
0136	せ	0	11	12
0137	ぜ	0	11	12
0138	そ	0	10	11
0139	ぞ	0	11	12
013A	た	0	10	11
013B	だ	0	10	11
013C	ち	1	9	10
013D	ぢ	1	10	11
013E	っ	2	7	8
013F	つ	0	10	11
0140	づ	0	11	12
0141	て	0	10	11
0142	で	0	10	11
0143	と	1	8	9
0144	ど	1	10	11
0145	な	1	10	11
0146	に	0	10	11
0147	ぬ	0	11	12
0148	ね	0	11	12
0149	の	0	11	12
014A	は	0	11	12
014B	ば	0	11	12
014C	ぱ	0	11	12
014D	ひ	0	11	12
014E	び	0	11	12
014F	ぴ	0	11	12
0150	ふ	0	11	12
0151	ぶ	0	11	12
0152	ぷ	0	11	12
0153	へ	0	11	12
0154	べ	0	11	12
0155	ぺ	0	11	12
0156	ほ	0	11	12
0157	ぼ	0	11	12
0158	ぽ	0	11	12
0159	ま	1	9	10
015A	み	0	11	12
015B	む	0	11	12
015C	め	0	11	12
015D	も	1	9	10
015E	ゃ	1	8	9
015F	や	0	11	12
0160	ゅ	2	7	8
0161	ゆ	0	10	11
0162	ょ	2	8	9
0163	よ	1	9	10
0164	ら	1	9	10
0165	り	2	7	8
0166	る	1	9	10
0167	れ	0	11	12
0168	ろ	1	9	10
0169	ゎ	2	7	8
016A	わ	0	11	12
016B	ゐ	0	10	11
016C	ゑ	0	11	12
016D	を	1	9	10
016E	ん	0	11	12
017A	ァ	1	8	9
017B	ア	1	10	11
017C	ィ	2	7	8
017D	イ	0	9	10
017E	ゥ	2	7	8
017F	ウ	1	9	10
0180	ェ	2	7	8
0181	エ	1	10	11
0182	ォ	1	8	9
0183	オ	0	10	11
0184	カ	1	9	10
0185	ガ	1	10	11
0186	キ	0	11	12
0187	ギ	0	11	12
0188	ク	1	9	10
0189	グ	1	10	11
018A	ケ	0	10	11
018B	ゲ	0	11	12
018C	コ	1	9	10
018D	ゴ	1	10	11
018E	サ	0	11	12
018F	ザ	0	11	12
0190	シ	1	10	11
0191	ジ	1	10	11
0192	ス	0	10	11
0193	ズ	0	11	12
0194	セ	0	10	11
0195	ゼ	0	11	12
0196	ソ	1	9	10
0197	ゾ	1	10	11
0198	タ	1	8	9
0199	ダ	1	10	11
019A	チ	1	10	11
019B	ヂ	0	11	12
019C	ッ	2	7	8
019D	ツ	1	9	10
019E	ヅ	1	10	11
019F	テ	1	10	11
01A0	デ	0	11	12
01A1	ト	4	5	6
01A2	ド	4	6	7
01A3	ナ	0	10	11
01A4	ニ	1	10	11
01A5	ヌ	1	9	10
01A6	ネ	0	10	11
01A7	ノ	1	7	8
01A8	ハ	0	10	11
01A9	バ	0	11	12
01AA	パ	0	11	12
01AB	ヒ	2	8	9
01AC	ビ	2	9	10
01AD	ピ	2	9	10
01AE	フ	1	9	10
01AF	ブ	1	10	11
01B0	プ	1	10	11
01B1	ヘ	0	10	11
01B2	ベ	0	10	11
01B3	ペ	0	10	11
01B4	ホ	1	9	10
01B5	ボ	1	10	11
01B6	ポ	1	10	11
01B7	マ	0	10	11
01B8	ミ	2	7	8
01BA	ム	0	11	12
01BB	メ	1	8	9
01BC	モ	1	10	11
01BD	ャ	2	7	8
01BE	ヤ	0	11	12
01BF	ュ	1	8	9
01C0	ユ	0	11	12
01C1	ョ	3	6	7
01C2	ヨ	2	8	9
01C3	ラ	1	9	10
01C4	リ	2	7	8
01C5	ル	0	11	12
01C6	レ	3	8	9
01C7	ロ	1	9	10
01C8	ヮ	2	7	8
01C9	ワ	1	9	10
01CA	ヰ	0	11	12
01CB	ヱ	0	11	12
01CC	ヲ	2	8	9
01CD	ン	1	9	10
01CE	ヴ	1	10	11
01CF	ヵ	2	7	8
01D0	ヶ	2	7	8
01D9	Α	0	9	10
01DA	Β	2	6	7
01DB	Γ	2	6	7
01DC	Δ	1	9	10
01DD	Ε	2	6	7
01DE	Ζ	2	7	8
01DF	Η	2	7	8
01E0	Θ	1	8	9
01E1	Ι	4	3	4
01E2	Κ	2	7	8
01E3	Λ	1	9	10
01E4	Μ	1	9	10
01E5	Ν	2	7	8
01E6	Ξ	2	7	8
01E7	Ο	1	8	9
01E8	Π	2	7	8
01E9	Ρ	2	7	8
01EA	Σ	2	7	8
01EB	Τ	2	7	8
01EC	Υ	2	7	8
01ED	Φ	2	7	8
01EE	Χ	2	7	8
01EF	Ψ	1	9	10
01F0	Ω	1	8	9
01F9	α	1	9	10
01FA	β	2	6	7
01FB	γ	1	8	9
01FC	δ	2	7	8
01FD	ε	3	5	6
01FE	ζ	3	6	7
01FF	η	2	7	8
0200	c	4	5	6
0201	d	3	6	7
0202	e	4	5	6
0203	f	4	4	5
0204	g	3	6	7
0205	h	3	5	6
0206	i	6	1	2
0207	j	4	3	4
0208	k	4	5	6
0209	l	6	1	2
020A	m	1	9	10
020B	n	3	5	6
020C	o	3	6	7
020D	p	3	6	7
020E	q	3	6	7
020F	r	5	4	5
0210	s	3	6	7
0211	t	4	4	5
0212	u	3	5	6
0213	v	3	5	6
0214	w	1	9	10
0215	x	3	6	7
0216	y	3	5	6
0217	z	3	5	6
0219	♥	0	11	12
021C	ぁ	2	8	9
021D	あ	1	10	11
021E	ぃ	1	8	9
021F	い	1	10	11
0220	ぅ	2	6	7
0221	う	2	7	8
0222	ぇ	2	8	9
0223	え	1	10	11
0224	ぉ	1	9	10
0225	お	0	10	11
0226	か	0	11	12
0227	が	0	11	12
0228	き	1	9	10
0232	し	2	8	9
023D	ぢ	1	10	11
023E	っ	2	7	8
0240	づ	0	11	12
0256	ほ	0	11	12
025E	ゃ	1	8	9
025F	や	0	11	12
026A	わ	0	11	12
026B	ゐ	0	10	11
026C	ゑ	0	11	12
026D	を	1	9	10
026E	ん	0	11	12
027A	ァ	1	8	9
027B	ア	1	10	11
0288	ク	1	9	10
028C	コ	1	9	10
029A	チ	1	10	11
02A0	デ	0	11	12
02B0	プ	1	10	11
02B8	ミ	2	7	8
02C0	ユ	0	11	12
02C4	リ	2	7	8
02CB	ヱ	0	11	12
02CC	ヲ	2	8	9
02CD	ン	1	9	10
02CE	ヴ	1	10	11
02CF	ヵ	2	7	8
02D0	ヶ	2	7	8
02D9	A	0	9	10
02DA	B	2	6	7
02DB	Γ	2	6	7
02DC	Δ	1	9	10
02DD	Ε	2	6	7
02DE	Ζ	2	7	8
02DF	Η	2	7	8
02E0	Θ	1	8	9
02E1	Ι	4	3	4
02E2	Κ	2	7	8
02E3	Λ	1	9	10
02E4	Μ	1	9	10
02E5	Ν	2	7	8
02E6	Ξ	2	7	8
02E7	Ο	1	8	9
02E8	Π	2	7	8
02E9	Ρ	2	7	8
02EA	Σ	2	7	8
02EB	Τ	2	7	8
02EC	Υ	2	7	8
02ED	Φ	2	7	8
02EE	Χ	2	7	8
02EF	Ψ	1	9	10
02F0	Ω	1	8	9
02F9	α	1	9	10
02FA	β	2	6	7
02FB	γ	1	8	9
02FC	δ	2	7	8
02FD	ε	3	5	6
02FE	ζ	3	6	7
02FF	η	2	7	8
0471	④	0	11	12
0472	⑤	0	11	12
0473	⑥	0	11	12
0474	⑦	0	11	12
0475	⑧	0	11	12
0476	⑨	0	11	12
0477	⑩	0	11	12
0478	⑪	0	11	12
0479	⑫	0	11	12
047A	⑬	0	11	12
047B	⑭	0	11	12
047C	⑮	0	11	12
047D	⑯	0	11	12
047E	⑰	0	11	12
047F	⑱	0	11	12
0480	⑲	0	11	12
0481	⑳	0	11	12
0482	Ⅰ	4	3	4
0483	II	2	6	7
0484	Ⅲ	1	9	10
0485	Ⅳ	0	11	12
0486	Ⅴ	1	9	10
0487	Ⅵ	0	11	12
0488	Ⅶ	0	11	12
0489	Ⅷ	0	11	12
048A	Ⅸ	1	9	10
048B	Ⅹ	1	8	9
048D	ミリ	0	11	12
048E	キロ	0	11	12
048F	センチ	0	11	12
0490	メートル	0	11	12
0491	グラム	0	11	12
0492	トン	1	10	11
0493	アール	0	10	11
0494	ヘクタル	0	11	12
0495	リットル	1	10	11
0496	ワット	0	11	12
0497	カロリー	0	11	12
0498	ドル	1	10	11
0499	セント	0	11	12
049A	パーセント	0	11	12
049C	ページ	0	11	12
049D	㎜	0	11	12
049E	㎝	0	11	12
049F	㎞	0	11	12
04A0	㎎	0	11	12
04A1	㎏	0	11	12
04A2	㏄	0	11	12
04A3	㎡	0	11	12
04AC	戟	0	11	12
04AE	”	7	4	5
04AF	„	1	4	5
04B0	Na	0	11	12
04B1	KK	0	11	12
04B2	℡	0	11	12
04B3	檜	0	11	12
04B4	棍	0	11	12
04B5	霆	0	11	12
04B6	偃	0	11	12
04B7	蟲	0	11	12
04B8	痺	0	11	12
04B9	蝎	0	11	12
04BA	髑	0	11	12
04BB	髏	0	11	12
0579	炸	0	11	12
057A	蛆	0	11	12
057B	皴	0	11	12
057C	貶	0	11	12
057D	璧	0	11	12
057E	兌	0	11	12
057F	敖	0	11	12
0580	跋	0	11	12
0581	媚	0	11	12
058A	亜	0	11	12
058C	娃	0	11	12
058D	阿	0	11	12
058E	哀	0	11	12
058F	愛	0	11	12
0590	挨	0	11	12
0594	茜	0	11	12
0596	悪	0	11	12
0597	握	0	11	12
0598	渥	0	11	12
059A	葦	0	11	12
059E	圧	0	11	12
05A0	扱	0	11	12
05A8	或	0	11	12
05AB	安	0	11	12
05AE	暗	0	11	12
05AF	案	0	11	12
05B0	闇	0	11	12
05B1	鞍	0	11	12
05B3	以	0	11	12
05B4	伊	0	11	12
05B5	位	0	11	12
05B6	依	0	11	12
05B7	偉	0	11	12
05B8	囲	0	11	12
05B9	夷	0	11	12
05BB	威	0	11	12
05BE	意	0	11	12
05C0	易	0	11	12
05C1	椅	0	11	12
05C2	為	0	11	12
05C3	畏	0	11	12
05C4	異	0	11	12
05C5	移	0	11	12
05C6	維	0	11	12
05CA	衣	0	11	12
05CC	違	0	11	12
05CD	遺	0	11	12
05CE	医	0	11	12
05CF	井	0	11	12
05D0	亥	0	11	12
05D1	域	0	11	12
05D2	育	0	11	12
05D4	磯	0	11	12
05D5	一	0	10	11
05D8	逸	0	11	12
05D9	稲	0	11	12
05DA	茨	0	11	12
05DE	印	0	11	12
05E0	員	0	11	12
05E1	因	0	11	12
05E2	姻	0	11	12
05E3	引	0	10	11
05E4	飲	0	11	12
05E5	淫	0	11	12
05E8	院	0	11	12
05E9	陰	0	11	12
05EA	隠	0	11	12
05ED	右	0	11	12
05EE	宇	0	11	12
05EF	烏	0	11	12
05F0	羽	0	11	12
05F2	雨	0	11	12
05F3	卯	0	11	12
05F6	丑	0	11	12
05FA	嘘	0	11	12
0600	厩	0	11	12
0601	浦	0	11	12
0602	瓜	0	11	12
0603	閏	0	11	12
0604	噂	0	11	12
0606	運	0	11	12
0607	雲	0	11	12
0609	餌	0	11	12
060A	叡	0	11	12
060B	営	0	11	12
060D	影	0	11	12
060E	映	0	11	12
0610	栄	0	11	12
0611	永	0	11	12
0614	瑛	0	11	12
0616	穎	0	11	12
0618	英	0	11	12
0619	衛	0	11	12
061B	鋭	0	11	12
061C	液	0	11	12
061D	疫	0	11	12
061E	益	0	11	12
0620	悦	0	11	12
0622	越	0	11	12
0628	園	0	11	12
062B	宴	0	11	12
062C	延	0	11	12
062D	怨	0	11	12
062F	援	0	11	12
0630	沿	0	11	12
0632	炎	0	11	12
0634	煙	0	11	12
0636	猿	0	11	12
0637	縁	0	11	12
0638	艶	0	11	12
063B	遠	0	11	12
063F	於	0	11	12
0640	汚	0	11	12
0642	凹	0	11	12
0643	央	0	11	12
0644	奥	0	11	12
0646	応	0	11	12
0647	押	0	11	12
0648	旺	0	11	12
0649	横	0	11	12
064A	欧	0	11	12
064B	殴	0	11	12
064C	王	0	11	12
064D	翁	0	11	12
0651	黄	0	11	12
0652	岡	0	11	12
0656	屋	0	11	12
0657	憶	0	11	12
065A	牡	0	11	12
065B	乙	0	11	12
065C	俺	0	11	12
065E	恩	0	11	12
065F	温	0	11	12
0660	穏	0	11	12
0661	音	0	11	12
0662	下	0	11	12
0663	化	0	11	12
0664	仮	0	11	12
0665	何	0	11	12
0666	伽	0	11	12
0667	価	0	11	12
0668	佳	0	11	12
0669	加	0	11	12
066A	可	0	11	12
066C	夏	0	11	12
066E	家	0	11	12
066F	寡	0	11	12
0670	科	0	11	12
0671	暇	0	11	12
0672	果	0	11	12
0673	架	0	11	12
0674	歌	0	11	12
0675	河	0	11	12
0676	火	0	11	12
067B	箇	0	11	12
067C	花	0	11	12
067E	茄	0	11	12
0680	華	0	11	12
0685	貨	0	11	12
0686	迦	0	11	12
0687	過	0	11	12
0688	霞	0	11	12
068C	我	0	11	12
068D	牙	0	11	12
068E	画	0	11	12
0690	芽	0	11	12
0692	賀	0	11	12
0693	雅	0	11	12
0694	餓	0	11	12
0696	介	0	11	12
0697	会	0	11	12
0698	解	0	11	12
0699	回	0	11	12
069A	塊	0	11	12
069B	壊	0	11	12
069C	廻	0	11	12
069D	快	0	11	12
069E	怪	0	11	12
069F	悔	0	11	12
06A1	懐	0	11	12
06A2	戒	0	11	12
06A4	改	0	11	12
06A7	械	0	11	12
06A8	海	0	11	12
06A9	灰	0	11	12
06AA	界	0	11	12
06AB	皆	0	10	11
06AC	絵	0	11	12
06AF	開	0	11	12
06B0	階	0	11	12
06B3	劾	0	11	12
06B4	外	0	11	12
06B6	害	0	11	12
06B7	崖	0	11	12
06BB	碍	0	11	12
06BD	街	0	11	12
06BF	鎧	0	11	12
06C0	骸	0	11	12
06C3	蛙	0	11	12
06C8	劃	0	11	12
06C9	嚇	0	11	12
06CA	各	0	11	12
06CC	拡	0	11	12
06CE	格	0	11	12
06CF	核	0	11	12
06D0	殻	0	11	12
06D1	獲	0	11	12
06D2	確	0	11	12
06D4	覚	0	11	12
06D5	角	0	10	11
06D7	較	0	11	12
06D9	閣	0	11	12
06DA	隔	0	11	12
06DB	革	0	11	12
06DC	学	0	11	12
06DE	楽	0	11	12
06DF	額	0	11	12
06E0	顎	0	11	12
06E1	掛	0	11	12
06E5	橿	0	11	12
06E6	梶	0	11	12
06E9	割	0	11	12
06EA	喝	0	11	12
06EB	恰	0	11	12
06ED	活	0	11	12
06EE	渇	0	11	12
06EF	滑	0	11	12
06F0	葛	0	11	12
06F5	叶	0	11	12
06F6	椛	0	11	12
06FA	兜	0	11	12
06FD	釜	0	11	12
06FE	鎌	0	11	12
06FF	噛	0	11	12
0700	鴨	0	11	12
0701	栢	0	11	12
0702	茅	0	11	12
0708	乾	0	11	12
070A	冠	0	11	12
070B	寒	0	11	12
070D	勘	0	11	12
070E	勧	0	11	12
070F	巻	0	11	12
0710	喚	0	11	12
0711	堪	0	11	12
0712	姦	0	11	12
0713	完	0	11	12
0714	官	0	11	12
0715	寛	0	11	12
0716	干	0	11	12
0717	幹	0	11	12
0718	患	0	11	12
0719	感	0	11	12
071C	換	0	11	12
071D	敢	0	11	12
0720	棺	0	11	12
0722	歓	0	11	12
0724	漢	0	11	12
0728	甘	0	11	12
0729	監	0	11	12
072A	看	0	11	12
072C	管	0	11	12
072D	簡	0	11	12
072E	緩	0	11	12
0734	観	0	11	12
0736	貫	0	11	12
0737	還	0	11	12
0738	鑑	0	11	12
0739	間	0	11	12
073A	閑	0	11	12
073B	関	0	11	12
073E	館	0	11	12
0740	丸	0	11	12
0741	含	0	11	12
0742	岸	0	11	12
0746	眼	0	11	12
0747	岩	0	11	12
074B	頑	0	11	12
074C	顔	0	11	12
074D	願	0	11	12
074E	企	0	11	12
0750	危	0	11	12
0751	喜	0	11	12
0752	器	0	11	12
0753	基	0	11	12
0754	奇	0	11	12
0755	嬉	0	11	12
0756	寄	0	11	12
0757	岐	0	11	12
0758	希	0	11	12
0759	幾	0	11	12
075B	揮	0	11	12
075D	旗	0	11	12
075F	期	0	11	12
0760	棋	0	11	12
0761	棄	0	11	12
0762	機	0	11	12
0763	帰	0	11	12
0765	気	0	11	12
0768	祈	0	11	12
0769	季	0	11	12
076A	稀	0	11	12
076B	紀	0	11	12
076E	記	0	11	12
076F	貴	0	11	12
0770	起	0	11	12
0772	輝	0	11	12
0773	飢	0	11	12
0774	騎	0	11	12
0775	鬼	0	11	12
0776	亀	0	11	12
0777	偽	0	11	12
0778	儀	0	11	12
077A	宜	0	11	12
077B	戯	0	11	12
077C	技	0	11	12
077E	欺	0	11	12
077F	犠	0	11	12
0782	義	0	11	12
0785	議	0	11	12
0787	菊	0	11	12
0789	吉	0	11	12
078E	詰	0	11	12
0790	杵	0	11	12
0792	却	0	11	12
0793	客	0	11	12
0794	脚	0	11	12
0795	虐	0	11	12
0796	逆	0	11	12
0797	丘	0	11	12
0799	仇	0	11	12
079A	休	0	11	12
079B	及	0	11	12
079C	吸	0	11	12
079D	宮	0	11	12
079E	弓	0	10	11
079F	急	0	11	12
07A0	救	0	11	12
07A2	朽	0	11	12
07A3	求	0	11	12
07A5	泣	0	11	12
07A7	球	0	11	12
07A8	究	0	11	12
07AA	笈	0	11	12
07AB	級	0	11	12
07AC	糾	0	11	12
07AE	旧	0	10	11
07AF	牛	0	11	12
07B0	去	0	11	12
07B1	居	0	11	12
07B2	巨	0	10	11
07B3	拒	0	11	12
07B5	挙	0	11	12
07B8	許	0	11	12
07B9	距	0	11	12
07BA	鋸	0	11	12
07BD	魚	0	11	12
07BF	享	0	11	12
07C0	京	0	11	12
07C1	供	0	11	12
07C2	侠	0	11	12
07C4	兇	0	11	12
07C6	共	0	11	12
07C7	兇	0	11	12
07C8	協	0	11	12
07CB	叫	0	11	12
07CC	喬	0	11	12
07CD	境	0	11	12
07CE	峡	0	11	12
07CF	強	0	11	12
07D0	彊	0	11	12
07D1	怯	0	11	12
07D2	恐	0	11	12
07D4	挟	0	11	12
07D5	教	0	11	12
07D6	橋	0	11	12
07D7	況	0	11	12
07D8	狂	0	11	12
07DA	矯	0	11	12
07DB	胸	0	11	12
07DC	脅	0	11	12
07DD	興	0	11	12
07E0	鏡	0	11	12
07E1	響	0	11	12
07E3	驚	0	11	12
07E4	仰	0	11	12
07E7	暁	0	11	12
07E8	業	0	11	12
07EA	曲	0	10	11
07EB	極	0	11	12
07EC	玉	0	11	12
07ED	桐	0	11	12
07EF	僅	0	11	12
07F0	勤	0	11	12
07F3	錦	0	11	12
07F6	欽	0	11	12
07F7	琴	0	11	12
07F8	禁	0	11	12
07F9	禽	0	11	12
07FA	筋	0	11	12
07FB	緊	0	11	12
0800	謹	0	11	12
0801	近	0	11	12
0802	金	0	11	12
0803	吟	0	11	12
0804	銀	0	11	12
0805	九	0	11	12
0806	倶	0	11	12
0807	句	0	11	12
0808	区	0	11	12
0809	狗	0	11	12
080A	玖	0	11	12
080C	苦	0	11	12
080D	躯	0	11	12
080E	駆	0	11	12
0811	具	0	11	12
0812	愚	0	11	12
0814	喰	0	11	12
0815	空	0	11	12
0818	遇	0	11	12
081A	串	0	11	12
081E	屈	0	11	12
081F	掘	0	11	12
0820	窟	0	11	12
0822	靴	0	11	12
0824	窪	0	11	12
0825	熊	0	11	12
0826	隈	0	11	12
0829	繰	0	11	12
082C	勲	0	11	12
082D	君	0	11	12
082F	訓	0	11	12
0830	群	0	11	12
0831	軍	0	11	12
0832	郡	0	11	12
0836	係	0	11	12
0837	傾	0	11	12
0838	刑	0	11	12
0839	兄	0	11	12
083D	型	0	11	12
083E	契	0	11	12
083F	形	0	11	12
0841	恵	0	11	12
0843	慧	0	11	12
0844	憩	0	11	12
0846	携	0	11	12
0848	景	0	11	12
0849	桂	0	11	12
084C	稽	0	11	12
084D	系	0	11	12
084E	経	0	11	12
084F	継	0	11	12
0850	繋	0	11	12
0855	計	0	11	12
0857	警	0	11	12
0858	軽	0	11	12
085A	鶏	0	11	12
085B	芸	0	11	12
085C	迎	0	11	12
085F	劇	0	11	12
0860	戟	0	11	12
0861	撃	0	11	12
0862	激	0	11	12
0866	欠	0	11	12
0867	決	0	11	12
0868	潔	0	11	12
0869	穴	0	11	12
086A	結	0	11	12
086B	血	0	11	12
086D	月	1	9	10
086E	件	0	11	12
0870	倦	0	11	12
0871	健	0	11	12
0872	兼	0	11	12
0874	剣	0	11	12
0877	堅	0	11	12
0878	嫌	0	11	12
0879	建	0	11	12
087B	懸	0	11	12
087C	拳	0	11	12
087E	検	0	11	12
087F	権	0	11	12
0881	犬	0	11	12
0882	献	0	11	12
0883	研	0	11	12
0886	県	0	11	12
0887	肩	0	11	12
0888	見	0	11	12
088A	賢	0	11	12
088C	遣	0	11	12
088D	鍵	0	11	12
088E	険	0	11	12
088F	顕	0	11	12
0890	験	0	11	12
0892	元	0	11	12
0893	原	0	11	12
0894	厳	0	11	12
0895	幻	0	11	12
0897	減	0	11	12
0898	源	0	11	12
0899	玄	0	11	12
089A	現	0	11	12
089D	言	0	11	12
089F	限	0	11	12
08A1	個	0	11	12
08A2	古	0	11	12
08A3	呼	0	11	12
08A4	固	0	11	12
08A6	孤	0	11	12
08A7	己	0	11	12
08AA	戸	0	11	12
08AB	故	0	11	12
08AC	枯	0	11	12
08AD	湖	0	11	12
08AE	狐	0	11	12
08B1	股	0	11	12
08B4	虎	0	11	12
08B5	誇	0	11	12
08B7	鈷	0	11	12
08B8	雇	0	11	12
08BA	鼓	0	11	12
08BB	五	0	11	12
08BC	互	0	11	12
08BE	午	0	11	12
08C2	後	0	11	12
08C3	御	0	11	12
08C4	悟	0	11	12
08C5	梧	0	11	12
08C6	檎	0	11	12
08C9	語	0	11	12
08CA	誤	0	11	12
08CB	護	0	11	12
08CF	交	0	11	12
08D1	候	0	11	12
08D2	候	0	11	12
08D4	光	0	11	12
08D5	公	0	11	12
08D6	功	0	11	12
08D7	効	0	11	12
08D8	勾	0	11	12
08D9	厚	0	11	12
08DA	□	0	10	11
08DB	向	0	11	12
08DD	喉	0	11	12
08E0	好	0	11	12
08E1	孔	0	11	12
08E2	孝	0	11	12
08E4	工	0	11	12
08E5	巧	0	11	12
08E7	幸	0	11	12
08E8	広	0	11	12
08EA	康	0	11	12
08ED	慌	0	11	12
08EE	抗	0	11	12
08F0	控	0	11	12
08F1	攻	0	11	12
08F4	更	0	11	12
08F8	構	0	11	12
08F9	江	0	11	12
08FA	洪	0	11	12
08FE	甲	1	9	10
08FF	皇	0	11	12
0900	硬	0	11	12
0902	糠	0	11	12
0903	紅	0	11	12
0904	紘	0	11	12
0906	綱	0	11	12
0907	耕	0	11	12
0908	考	0	11	12
090C	膏	0	11	12
090E	荒	0	11	12
090F	行	0	11	12
0911	講	0	11	12
0912	貢	0	11	12
0913	購	0	11	12
0915	酵	0	11	12
0916	鉱	0	11	12
0918	鋼	0	11	12
091A	降	0	11	12
091C	項	0	11	12
091D	香	0	11	12
091E	高	0	11	12
0920	剛	0	11	12
0921	劫	0	11	12
0922	号	0	11	12
0923	合	0	11	12
0924	壕	0	11	12
0925	拷	0	11	12
092B	刻	0	11	12
092C	告	0	11	12
092D	国	0	11	12
092E	穀	0	11	12
092F	酷	0	11	12
0930	鵠	0	11	12
0931	黒	0	11	12
0932	獄	0	11	12
0934	腰	0	11	12
0937	惚	0	11	12
0938	骨	0	11	12
093A	込	0	11	12
093C	頃	0	11	12
093D	今	0	11	12
093E	困	0	11	12
093F	坤	0	11	12
0941	婚	0	11	12
0942	恨	0	11	12
0944	昏	0	11	12
0946	根	0	11	12
0948	混	0	11	12
094C	魂	0	11	12
094E	佐	0	11	12
094F	叉	0	11	12
0950	唆	0	11	12
0952	左	0	11	12
0953	差	0	11	12
0954	査	0	11	12
0955	沙	0	11	12
0956	瑳	0	11	12
0957	砂	0	11	12
0959	鎖	0	10	11
095C	座	0	11	12
095E	債	0	11	12
095F	催	0	11	12
0960	再	0	11	12
0961	最	0	11	12
0964	妻	0	11	12
0966	彩	0	11	12
0967	才	0	11	12
096A	歳	0	11	12
096B	済	0	11	12
096C	災	0	11	12
096F	砕	0	11	12
0970	砦	0	11	12
0971	祭	0	11	12
0973	細	0	11	12
0975	裁	0	11	12
0976	載	0	11	12
0977	際	0	11	12
0978	剤	0	11	12
0979	在	0	11	12
097A	材	0	11	12
097B	罪	0	11	12
097C	財	0	11	12
097E	坂	0	11	12
0982	肴	0	11	12
0987	鷺	0	11	12
0988	作	0	11	12
0989	削	0	11	12
098A	咋	0	11	12
098C	昨	0	11	12
0990	策	0	11	12
0991	索	0	11	12
0994	鮭	0	11	12
0999	察	0	11	12
099A	拶	0	11	12
099C	擦	0	11	12
099D	札	0	11	12
099E	殺	0	11	12
099F	薩	0	11	12
09A0	雑	0	11	12
09A6	皿	0	11	12
09A8	三	0	11	12
09AA	参	0	11	12
09AB	山	0	11	12
09AC	惨	0	11	12
09AD	撒	0	11	12
09AE	散	0	11	12
09B1	珊	0	11	12
09B2	産	0	11	12
09B3	算	0	11	12
09B6	讃	0	11	12
09B7	賛	0	11	12
09BA	斬	0	11	12
09BC	残	0	11	12
09BD	仕	0	11	12
09BF	伺	0	11	12
09C0	使	0	11	12
09C1	刺	0	11	12
09C2	司	0	11	12
09C3	史	0	11	12
09C5	四	0	10	11
09C6	士	0	11	12
09C7	始	0	11	12
09C8	姉	0	11	12
09C9	姿	0	11	12
09CA	子	0	11	12
09CB	屍	0	11	12
09CC	市	0	11	12
09CD	師	0	11	12
09CE	志	0	11	12
09CF	思	0	11	12
09D0	指	0	11	12
09D1	支	0	11	12
09D4	施	0	11	12
09D6	枝	0	11	12
09D7	止	0	11	12
09D9	死	0	11	12
09DA	氏	0	11	12
09DB	獅	0	11	12
09DD	私	0	11	12
09DE	糸	0	11	12
09DF	紙	0	11	12
09E1	肢	0	11	12
09E3	至	0	11	12
09E4	視	0	11	12
09E6	詩	0	11	12
09E7	試	0	11	12
09E8	誌	0	11	12
09EC	雌	0	11	12
09ED	飼	0	11	12
09EE	歯	0	11	12
09EF	事	0	11	12
09F0	似	0	11	12
09F2	児	0	11	12
09F3	字	0	11	12
09F4	寺	0	11	12
09F5	慈	0	11	12
09F6	持	0	11	12
09F7	時	0	11	12
09F8	次	0	11	12
09FA	治	0	11	12
09FF	示	0	11	12
0A00	而	0	11	12
0A01	耳	0	11	12
0A02	自	1	8	9
0A03	蒔	0	11	12
0A04	辞	0	11	12
0A06	鹿	0	11	12
0A07	式	0	11	12
0A08	識	0	11	12
0A0B	軸	0	11	12
0A0E	七	0	11	12
0A0F	叱	0	11	12
0A10	執	0	11	12
0A11	失	0	11	12
0A12	嫉	0	11	12
0A13	室	0	11	12
0A16	漆	0	11	12
0A17	疾	0	11	12
0A18	質	0	11	12
0A19	実	0	11	12
0A1A	蔀	0	11	12
0A22	舎	0	11	12
0A24	射	0	11	12
0A25	捨	0	11	12
0A26	赦	0	11	12
0A29	社	0	11	12
0A2B	者	0	11	12
0A2C	謝	0	11	12
0A2D	車	0	11	12
0A2E	遮	0	11	12
0A2F	蛇	0	11	12
0A30	邪	0	11	12
0A33	尺	0	11	12
0A34	杓	0	11	12
0A35	灼	0	11	12
0A36	爵	0	11	12
0A37	酌	0	11	12
0A38	釈	0	11	12
0A3A	若	0	11	12
0A3B	寂	0	11	12
0A3C	弱	0	11	12
0A3E	主	0	11	12
0A3F	取	0	11	12
0A40	守	0	11	12
0A41	手	0	11	12
0A42	朱	0	11	12
0A43	殊	0	11	12
0A44	狩	0	11	12
0A45	珠	0	11	12
0A46	種	0	11	12
0A48	趣	0	11	12
0A49	酒	0	11	12
0A4A	首	0	11	12
0A4C	受	0	11	12
0A4D	呪	0	11	12
0A4E	寿	0	11	12
0A4F	授	0	11	12
0A50	樹	0	11	12
0A53	囚	0	11	12
0A54	収	0	11	12
0A55	周	0	11	12
0A56	宗	0	11	12
0A57	就	0	11	12
0A59	修	0	11	12
0A5B	拾	0	11	12
0A5C	洲	0	11	12
0A5D	秀	0	11	12
0A5E	秋	0	11	12
0A5F	終	0	11	12
0A61	習	0	11	12
0A62	臭	0	11	12
0A63	舟	0	11	12
0A65	衆	0	11	12
0A66	襲	0	11	12
0A67	讐	0	11	12
0A68	蹴	0	11	12
0A6A	週	0	11	12
0A6D	集	0	11	12
0A6E	醜	0	11	12
0A70	住	0	11	12
0A71	充	0	11	12
0A72	十	0	11	12
0A73	従	0	11	12
0A74	戎	0	11	12
0A75	柔	0	11	12
0A77	渋	0	11	12
0A78	獣	0	11	12
0A79	縦	0	11	12
0A7A	重	0	11	12
0A7B	銃	0	11	12
0A7C	叔	0	11	12
0A7E	宿	0	11	12
0A80	祝	0	11	12
0A82	粛	0	11	12
0A84	熟	0	11	12
0A85	出	0	11	12
0A86	術	0	11	12
0A87	述	0	11	12
0A8A	春	0	11	12
0A8B	瞬	0	11	12
0A8F	准	0	11	12
0A90	循	0	11	12
0A93	殉	0	11	12
0A96	準	0	11	12
0A98	盾	0	11	12
0A99	純	0	11	12
0A9A	巡	0	11	12
0A9D	順	0	11	12
0A9E	処	0	11	12
0A9F	初	0	11	12
0AA0	所	0	11	12
0AA1	暑	0	11	12
0AA4	庶	0	11	12
0AA5	緒	0	11	12
0AA7	書	0	11	12
0AAA	諸	0	11	12
0AAB	助	0	11	12
0AAC	叙	0	11	12
0AAD	女	0	11	12
0AAE	序	0	11	12
0AB2	除	0	11	12
0AB3	傷	0	11	12
0AB4	償	0	11	12
0AB5	勝	0	11	12
0AB8	召	0	11	12
0ABA	商	0	11	12
0ABB	唱	0	11	12
0AC0	宵	0	11	12
0AC1	将	0	11	12
0AC2	小	0	11	12
0AC3	少	0	11	12
0AC4	尚	0	11	12
0AC6	床	0	11	12
0AC9	承	0	11	12
0ACB	招	0	11	12
0ACC	掌	0	11	12
0ACE	昇	0	11	12
0AD3	梢	0	11	12
0AD4	樟	0	11	12
0AD6	沼	0	11	12
0AD7	消	0	11	12
0AD8	渉	0	11	12
0ADA	焼	0	11	12
0ADC	照	0	11	12
0AE0	礁	0	11	12
0AE1	祥	0	11	12
0AE2	称	0	11	12
0AE3	章	0	11	12
0AE4	笑	0	11	12
0AE6	紹	0	11	12
0AE8	菖	0	11	12
0AEB	衝	0	11	12
0AEE	証	0	11	12
0AF0	詳	0	11	12
0AF1	象	0	11	12
0AF2	賞	0	11	12
0AF6	鐘	0	11	12
0AF7	障	0	11	12
0AF9	上	0	11	12
0AFA	丈	0	11	12
0AFC	乗	0	11	12
0AFE	剰	0	11	12
0AFF	城	0	11	12
0B00	場	0	11	12
0B02	嬢	0	11	12
0B03	常	0	11	12
0B04	情	0	11	12
0B06	条	0	11	12
0B07	杖	0	11	12
0B08	浄	0	11	12
0B09	状	0	11	12
0B0B	穣	0	11	12
0B0C	蒸	0	11	12
0B0D	譲	0	11	12
0B10	嘱	0	11	12
0B12	飾	0	11	12
0B14	植	0	11	12
0B15	殖	0	11	12
0B16	燭	0	11	12
0B17	織	0	11	12
0B18	職	0	11	12
0B19	色	0	11	12
0B1A	触	0	11	12
0B1B	食	0	11	12
0B1E	尻	0	11	12
0B1F	伸	0	11	12
0B20	信	0	11	12
0B21	侵	0	11	12
0B23	娠	0	11	12
0B24	寝	0	11	12
0B25	審	0	11	12
0B26	心	0	11	12
0B27	慎	0	11	12
0B28	振	0	11	12
0B29	新	0	11	12
0B2B	森	0	11	12
0B2C	榛	0	11	12
0B2D	浸	0	11	12
0B2E	深	0	11	12
0B2F	申	1	9	10
0B31	真	0	11	12
0B32	神	0	11	12
0B38	親	0	11	12
0B3A	身	0	11	12
0B3B	辛	0	11	12
0B3C	進	0	11	12
0B3D	針	0	11	12
0B3E	震	0	11	12
0B3F	人	0	11	12
0B40	仁	0	11	12
0B41	刃	0	10	11
0B44	尋	0	11	12
0B46	尽	0	11	12
0B4A	陣	0	11	12
0B4B	靭	0	11	12
0B4D	諏	0	11	12
0B4E	須	0	11	12
0B50	図	0	11	12
0B54	吹	0	11	12
0B55	垂	0	11	12
0B56	帥	0	11	12
0B57	推	0	11	12
0B58	水	0	11	12
0B5A	睡	0	11	12
0B5C	翠	0	11	12
0B5D	衰	0	11	12
0B5E	遂	0	11	12
0B5F	酔	0	11	12
0B62	随	0	11	12
0B63	瑞	0	11	12
0B64	髄	0	11	12
0B65	崇	0	11	12
0B67	数	0	11	12
0B68	枢	0	11	12
0B6A	雛	0	11	12
0B70	雀	0	11	12
0B75	世	0	11	12
0B77	畝	0	11	12
0B78	是	0	11	12
0B79	凄	0	11	12
0B7A	制	0	11	12
0B7B	勢	0	11	12
0B7D	征	0	11	12
0B7E	性	0	11	12
0B7F	成	0	11	12
0B80	政	0	11	12
0B81	整	0	11	12
0B82	星	0	11	12
0B83	晴	0	11	12
0B84	棲	0	11	12
0B86	正	0	11	12
0B87	清	0	11	12
0B88	牲	0	11	12
0B89	生	0	11	12
0B8A	盛	0	11	12
0B8B	精	0	11	12
0B8C	聖	0	11	12
0B8D	声	0	11	12
0B8E	製	0	11	12
0B8F	西	0	11	12
0B90	誠	0	11	12
0B91	誓	0	11	12
0B95	青	0	11	12
0B97	斉	0	11	12
0B98	税	0	11	12
0B9A	隻	0	11	12
0B9C	惜	0	11	12
0B9F	昔	0	11	12
0BA0	析	0	11	12
0BA1	石	0	11	12
0BA2	積	0	11	12
0BA6	責	0	11	12
0BA7	赤	0	11	12
0BA8	跡	0	11	12
0BAB	切	0	11	12
0BAD	接	0	11	12
0BAE	摂	0	11	12
0BAF	折	0	11	12
0BB0	設	0	11	12
0BB2	節	0	11	12
0BB3	説	0	11	12
0BB4	雪	0	11	12
0BB5	絶	0	11	12
0BB6	舌	0	11	12
0BB8	仙	0	11	12
0BB9	先	0	11	12
0BBA	千	0	11	12
0BBB	占	1	9	10
0BBC	宣	0	11	12
0BBD	専	0	11	12
0BBE	尖	0	11	12
0BBF	川	0	10	11
0BC0	戦	0	11	12
0BC1	扇	0	11	12
0BC3	栓	0	11	12
0BC5	泉	0	11	12
0BC6	浅	0	11	12
0BC7	洗	0	11	12
0BC8	染	0	11	12
0BC9	潜	0	11	12
0BCC	旋	0	11	12
0BCF	線	0	11	12
0BD4	船	0	11	12
0BD9	選	0	11	12
0BDE	鮮	0	11	12
0BDF	前	0	11	12
0BE0	善	0	11	12
0BE2	然	0	11	12
0BE3	全	0	11	12
0BE4	禅	0	11	12
0BE8	噌	0	11	12
0BEF	狙	0	11	12
0BF2	礎	0	11	12
0BF6	素	0	11	12
0BF7	組	0	11	12
0BF8	蘇	0	11	12
0BFA	阻	0	11	12
0BFC	鼠	0	11	12
0BFD	僧	0	11	12
0BFE	創	0	11	12
0BFF	双	0	11	12
0C00	叢	0	11	12
0C02	喪	0	11	12
0C04	奏	0	11	12
0C07	層	0	11	12
0C0A	想	0	11	12
0C0B	捜	0	11	12
0C10	操	0	11	12
0C11	早	0	11	12
0C13	巣	0	11	12
0C14	槍	0	11	12
0C18	争	0	11	12
0C19	痩	0	11	12
0C1A	相	0	11	12
0C1D	総	0	11	12
0C1E	綜	0	11	12
0C20	草	0	11	12
0C22	葬	0	11	12
0C24	藻	0	11	12
0C25	装	0	11	12
0C26	走	0	11	12
0C27	送	0	11	12
0C28	遭	0	11	12
0C2B	騒	0	11	12
0C2C	像	0	11	12
0C2D	増	0	11	12
0C2E	憎	0	11	12
0C2F	臓	0	11	12
0C30	蔵	0	11	12
0C31	贈	0	11	12
0C32	造	0	11	12
0C34	側	0	11	12
0C35	則	0	11	12
0C36	即	0	11	12
0C37	息	0	11	12
0C39	束	0	11	12
0C3A	測	0	11	12
0C3B	足	0	11	12
0C3C	速	0	11	12
0C3D	俗	0	11	12
0C3E	属	0	11	12
0C3F	賊	0	11	12
0C40	族	0	11	12
0C41	続	0	11	12
0C42	卒	0	11	12
0C45	揃	0	11	12
0C46	存	0	11	12
0C47	孫	0	11	12
0C48	尊	0	11	12
0C49	損	0	11	12
0C4A	村	0	11	12
0C4C	他	0	11	12
0C4D	多	0	11	12
0C4E	太	0	11	12
0C4F	汰	0	11	12
0C52	堕	0	11	12
0C54	惰	0	11	12
0C55	打	0	11	12
0C59	陀	0	11	12
0C5A	駄	0	11	12
0C5C	体	0	11	12
0C5E	対	0	11	12
0C5F	耐	0	11	12
0C61	帯	0	11	12
0C62	待	0	11	12
0C63	怠	0	11	12
0C64	態	0	11	12
0C65	戴	0	11	12
0C66	替	0	11	12
0C69	胎	0	11	12
0C6B	苔	0	11	12
0C6C	袋	0	11	12
0C6D	貸	0	11	12
0C6E	退	0	11	12
0C70	隊	0	11	12
0C73	代	0	11	12
0C74	台	0	11	12
0C75	大	0	11	12
0C76	第	0	11	12
0C78	題	0	11	12
0C79	鷹	0	11	12
0C7A	滝	0	11	12
0C7C	卓	0	11	12
0C7E	宅	0	11	12
0C80	択	0	11	12
0C82	沢	0	11	12
0C85	託	0	11	12
0C86	鐸	0	11	12
0C8C	只	0	11	12
0C8D	叩	0	11	12
0C8E	但	0	11	12
0C8F	達	0	11	12
0C90	辰	0	11	12
0C91	奪	0	11	12
0C92	脱	0	11	12
0C94	竪	0	11	12
0C97	谷	0	11	12
0C98	狸	0	11	12
0C99	鱈	0	11	12
0C9A	樽	0	11	12
0C9B	誰	0	11	12
0C9C	丹	0	11	12
0C9D	単	0	11	12
0C9E	嘆	0	11	12
0CA0	担	0	11	12
0CA1	探	0	11	12
0CA2	旦	0	11	12
0CA4	淡	0	11	12
0CA6	炭	0	11	12
0CA7	短	0	11	12
0CA8	端	0	11	12
0CAC	胆	0	11	12
0CAE	誕	0	11	12
0CAF	鍛	0	11	12
0CB0	団	0	11	12
0CB2	弾	0	11	12
0CB3	断	0	11	12
0CB4	暖	0	11	12
0CB5	檀	0	11	12
0CB6	段	0	11	12
0CB7	男	0	11	12
0CB8	談	0	11	12
0CB9	値	0	11	12
0CBA	知	0	11	12
0CBB	地	0	11	12
0CBD	恥	0	11	12
0CBE	智	0	11	12
0CBF	池	0	11	12
0CC2	置	0	11	12
0CC4	蜘	0	11	12
0CC5	遅	0	11	12
0CC6	馳	0	11	12
0CC7	築	0	11	12
0CC9	竹	0	11	12
0CCA	築	0	11	12
0CCB	蓄	0	11	12
0CCE	秩	0	11	12
0CD0	茶	0	11	12
0CD2	着	0	11	12
0CD3	中	0	11	12
0CD4	仲	0	11	12
0CD5	宙	0	11	12
0CD6	忠	0	11	12
0CD7	抽	0	11	12
0CD8	昼	0	11	12
0CD9	柱	0	11	12
0CDA	注	0	11	12
0CDB	虫	0	11	12
0CDE	酎	0	11	12
0CE3	猪	0	11	12
0CE5	著	0	11	12
0CE7	丁	0	11	12
0CE8	兆	0	11	12
0CEB	寵	0	11	12
0CEF	弔	0	11	12
0CF0	張	0	11	12
0CF2	徴	0	11	12
0CF3	懲	0	11	12
0CF4	挑	0	11	12
0CF6	朝	0	11	12
0CF9	町	0	11	12
0CFA	眺	0	11	12
0CFF	調	0	11	12
0D00	諜	0	11	12
0D01	超	0	11	12
0D02	跳	0	11	12
0D04	長	0	11	12
0D05	頂	0	11	12
0D06	鳥	0	11	12
0D09	直	0	11	12
0D0A	朕	0	11	12
0D0B	沈	0	11	12
0D0C	珍	0	11	12
0D0D	賃	0	11	12
0D0E	鎮	0	11	12
0D10	津	0	11	12
0D12	椎	0	11	12
0D13	槌	0	11	12
0D14	追	0	11	12
0D15	鎚	0	11	12
0D16	痛	0	11	12
0D17	通	0	11	12
0D18	塚	0	11	12
0D24	潰	0	11	12
0D26	壷	0	11	12
0D28	紬	0	11	12
0D29	爪	0	11	12
0D2A	吊	1	9	10
0D2B	釣	0	11	12
0D2E	低	0	11	12
0D2F	停	0	11	12
0D35	定	0	11	12
0D36	帝	0	11	12
0D37	底	0	11	12
0D38	庭	0	11	12
0D39	廷	0	11	12
0D3A	弟	0	11	12
0D3C	抵	0	11	12
0D3D	挺	0	11	12
0D3E	提	0	11	12
0D41	碇	0	11	12
0D43	程	0	11	12
0D44	締	0	11	12
0D46	訂	0	11	12
0D48	蹄	0	11	12
0D4A	邸	0	11	12
0D51	敵	0	11	12
0D52	滴	0	11	12
0D53	的	0	11	12
0D54	笛	0	11	12
0D55	適	0	11	12
0D59	徹	0	11	12
0D5D	鉄	0	11	12
0D5E	典	0	11	12
0D60	天	0	11	12
0D61	展	0	11	12
0D62	店	0	11	12
0D63	添	0	11	12
0D64	纏	0	11	12
0D66	貼	0	11	12
0D67	転	0	11	12
0D69	点	0	11	12
0D6A	伝	0	11	12
0D6B	殿	0	11	12
0D6D	田	0	10	11
0D6E	電	0	11	12
0D6F	兎	0	11	12
0D70	吐	0	11	12
0D72	塗	0	11	12
0D73	妬	0	11	12
0D74	屠	0	11	12
0D75	徒	0	11	12
0D76	斗	0	11	12
0D77	杜	0	11	12
0D78	渡	0	11	12
0D79	登	0	11	12
0D7B	賭	0	11	12
0D7C	途	0	11	12
0D7D	都	0	11	12
0D81	努	0	11	12
0D82	度	0	11	12
0D83	土	0	11	12
0D84	奴	0	11	12
0D85	怒	0	11	12
0D86	倒	0	11	12
0D87	党	0	11	12
0D88	冬	0	11	12
0D8A	凍	0	11	12
0D8B	刀	0	10	11
0D8C	唐	0	11	12
0D8D	塔	0	11	12
0D91	島	0	11	12
0D93	悼	0	11	12
0D94	投	0	11	12
0D95	搭	0	11	12
0D96	東	0	11	12
0D98	梼	0	11	12
0D9A	盗	0	11	12
0D9E	灯	0	11	12
0DA0	当	1	9	10
0DA3	等	0	11	12
0DA4	答	0	11	12
0DA6	糖	0	11	12
0DA7	統	0	11	12
0DAC	討	0	11	12
0DAF	踏	0	11	12
0DB0	逃	0	11	12
0DB1	透	0	11	12
0DB4	頭	0	11	12
0DB6	闘	0	11	12
0DB7	働	0	11	12
0DB8	動	0	11	12
0DB9	同	0	11	12
0DBA	堂	0	11	12
0DBB	導	0	11	12
0DBC	憧	0	11	12
0DBE	洞	0	11	12
0DBF	瞳	0	11	12
0DC0	童	0	11	12
0DC1	胴	0	11	12
0DC3	道	0	11	12
0DC4	銅	0	11	12
0DC8	得	0	11	12
0DC9	徳	0	11	12
0DCA	涜	0	11	12
0DCB	特	0	11	12
0DCC	督	0	11	12
0DCF	毒	0	11	12
0DD0	独	0	11	12
0DD1	読	0	11	12
0DD4	凸	0	11	12
0DD5	突	0	11	12
0DD7	届	0	11	12
0DDA	寅	0	11	12
0DDB	酉	0	10	11
0DE1	沌	0	11	12
0DE2	豚	0	11	12
0DE4	頓	0	11	12
0DE5	呑	0	11	12
0DE6	曇	0	11	12
0DE8	奈	0	11	12
0DE9	那	0	11	12
0DEA	内	0	11	12
0DEE	謎	0	11	12
0DF0	捺	0	11	12
0DF2	楢	0	11	12
0DF4	縄	0	11	12
0DF6	南	0	11	12
0DF7	楠	0	11	12
0DF8	軟	0	11	12
0DF9	難	0	11	12
0DFA	汝	0	11	12
0DFB	二	0	11	12
0DFF	匂	0	11	12
0E01	肉	0	11	12
0E02	虹	0	11	12
0E04	日	1	8	9
0E05	乳	0	11	12
0E06	入	0	11	12
0E07	如	0	11	12
0E08	尿	0	11	12
0E0A	任	0	11	12
0E0B	妊	0	11	12
0E0C	忍	0	11	12
0E0D	認	0	11	12
0E13	猫	0	11	12
0E14	熱	0	11	12
0E15	年	0	11	12
0E16	念	0	11	12
0E19	燃	0	11	12
0E1A	粘	0	11	12
0E1D	之	0	11	12
0E20	悩	0	11	12
0E21	濃	0	11	12
0E22	納	0	11	12
0E23	能	0	11	12
0E24	脳	0	11	12
0E26	農	0	11	12
0E2A	把	0	11	12
0E2C	覇	0	11	12
0E2E	波	0	11	12
0E2F	派	0	11	12
0E30	琶	0	11	12
0E31	破	0	11	12
0E32	婆	0	11	12
0E35	馬	0	11	12
0E37	廃	0	11	12
0E38	拝	0	11	12
0E39	排	0	11	12
0E3A	敗	0	11	12
0E3B	杯	0	11	12
0E3C	盃	0	11	12
0E3E	背	0	11	12
0E40	輩	0	11	12
0E41	配	0	11	12
0E42	倍	0	11	12
0E43	培	0	11	12
0E44	媒	0	11	12
0E49	狽	0	11	12
0E4A	買	0	10	11
0E4B	売	0	11	12
0E4E	這	0	11	12
0E4F	蝿	0	11	12
0E50	秤	0	11	12
0E54	剥	0	11	12
0E55	博	0	11	12
0E56	拍	0	11	12
0E58	泊	0	11	12
0E59	白	1	9	10
0E5D	薄	0	11	12
0E5E	迫	0	11	12
0E60	漠	0	11	12
0E61	爆	0	11	12
0E62	縛	0	11	12
0E65	麦	0	11	12
0E67	箱	0	11	12
0E6A	肇	0	11	12
0E6D	幡	0	11	12
0E70	畠	1	9	10
0E71	八	0	11	12
0E72	鉢	0	11	12
0E74	発	0	11	12
0E76	髪	0	11	12
0E78	罰	0	11	12
0E79	抜	0	11	12
0E7C	鳩	0	11	12
0E80	隼	0	11	12
0E81	伴	0	11	12
0E82	判	0	11	12
0E83	半	0	11	12
0E84	反	0	11	12
0E87	搬	0	11	12
0E88	斑	0	11	12
0E89	板	0	11	12
0E8A	氾	0	11	12
0E8C	版	0	11	12
0E8D	犯	0	11	12
0E8E	班	0	11	12
0E8F	畔	0	11	12
0E90	繁	0	11	12
0E91	般	0	11	12
0E94	範	0	11	12
0E96	煩	0	11	12
0E98	飯	0	11	12
0E9B	番	0	11	12
0E9F	蛮	0	11	12
0EA1	卑	0	11	12
0EA2	否	0	11	12
0EA3	妃	0	11	12
0EA5	彼	0	11	12
0EA6	悲	0	11	12
0EA7	扉	0	11	12
0EA9	披	0	11	12
0EAA	斐	0	11	12
0EAB	比	0	11	12
0EAC	泌	0	11	12
0EAD	疲	0	11	12
0EAE	皮	0	11	12
0EB0	秘	0	11	12
0EB3	肥	0	11	12
0EB4	被	0	11	12
0EB6	費	0	11	12
0EB7	避	0	11	12
0EB8	非	0	11	12
0EB9	飛	0	11	12
0EBC	備	0	11	12
0EBD	尾	0	11	12
0EBE	微	0	11	12
0EC0	毘	0	11	12
0EC1	琵	0	11	12
0EC2	眉	0	11	12
0EC3	美	0	11	12
0EC4	鼻	0	11	12
0EC5	柊	0	11	12
0EC6	稗	0	11	12
0EC7	匹	0	11	12
0EC8	疋	0	11	12
0EC9	髭	0	11	12
0ECA	彦	0	11	12
0ECB	膝	0	11	12
0ECC	菱	0	11	12
0ECF	必	0	11	12
0ED4	姫	0	11	12
0ED7	百	0	11	12
0EDB	標	0	11	12
0EDC	氷	0	11	12
0EDE	瓢	0	11	12
0EE0	表	0	11	12
0EE2	豹	0	11	12
0EE4	描	0	11	12
0EE5	病	0	11	12
0EE6	秒	0	11	12
0EED	品	0	11	12
0EF0	浜	0	11	12
0EF1	瀕	0	11	12
0EF2	貧	0	11	12
0EF4	頻	0	11	12
0EF7	不	0	11	12
0EF8	付	0	11	12
0EFA	夫	0	11	12
0EFB	婦	0	11	12
0EFC	富	0	11	12
0EFE	布	0	11	12
0EFF	府	0	11	12
0F00	怖	0	11	12
0F02	敷	0	11	12
0F04	斧	0	11	12
0F05	普	0	11	12
0F06	浮	0	11	12
0F07	父	0	11	12
0F08	符	0	11	12
0F09	腐	0	11	12
0F0D	負	1	9	10
0F0E	賦	0	11	12
0F14	武	0	11	12
0F15	舞	0	11	12
0F18	部	0	11	12
0F19	封	0	11	12
0F1A	楓	0	11	12
0F1B	風	0	11	12
0F1E	伏	0	11	12
0F1F	副	0	11	12
0F20	復	0	11	12
0F22	服	0	11	12
0F23	福	0	11	12
0F24	腹	0	11	12
0F25	複	0	11	12
0F26	覆	0	11	12
0F27	淵	0	11	12
0F29	払	0	11	12
0F2A	沸	0	11	12
0F2B	仏	0	11	12
0F2C	物	0	11	12
0F2E	分	0	11	12
0F30	噴	0	11	12
0F37	糞	0	11	12
0F38	紛	0	11	12
0F3A	文	0	11	12
0F3B	聞	0	11	12
0F3E	兵	0	11	12
0F41	平	0	11	12
0F43	柄	0	11	12
0F44	並	0	10	11
0F46	閉	0	11	12
0F48	米	0	11	12
0F4B	壁	0	11	12
0F4D	碧	0	11	12
0F4E	別	0	11	12
0F52	偏	0	11	12
0F53	変	0	11	12
0F54	片	0	11	12
0F56	編	0	11	12
0F57	辺	0	11	12
0F58	返	0	11	12
0F5A	便	0	11	12
0F5D	弁	0	11	12
0F5E	鞭	0	11	12
0F5F	保	0	11	12
0F63	捕	0	11	12
0F64	歩	0	11	12
0F66	補	0	11	12
0F6A	墓	0	11	12
0F6C	戊	0	11	12
0F6D	暮	0	11	12
0F6E	母	0	11	12
0F70	菩	0	11	12
0F72	俸	0	11	12
0F73	包	0	11	12
0F75	報	0	11	12
0F76	奉	0	11	12
0F77	宝	0	11	12
0F7A	崩	0	11	12
0F7C	抱	0	11	12
0F7D	捧	0	11	12
0F7E	放	0	11	12
0F7F	方	0	11	12
0F81	法	0	11	12
0F84	砲	0	11	12
0F86	胞	0	11	12
0F8A	蜂	0	11	12
0F8C	訪	0	11	12
0F8D	豊	0	11	12
0F94	亡	0	11	12
0F99	帽	0	11	12
0F9A	忘	0	11	12
0F9B	忙	0	11	12
0F9C	房	0	11	12
0F9D	暴	0	11	12
0F9E	望	0	11	12
0FA0	棒	0	11	12
0FA2	紡	0	11	12
0FA4	膨	0	11	12
0FA5	謀	0	11	12
0FA9	防	0	11	12
0FAA	吠	0	11	12
0FAC	北	0	11	12
0FAD	僕	0	11	12
0FAE	卜	5	4	5
0FAF	墨	0	11	12
0FB2	牧	0	11	12
0FB7	没	0	11	12
0FBB	奔	0	11	12
0FBC	本	0	11	12
0FC1	摩	0	11	12
0FC2	磨	0	11	12
0FC3	魔	0	11	12
0FC4	麻	0	11	12
0FC5	埋	0	11	12
0FC6	妹	0	11	12
0FC8	枚	0	11	12
0FC9	毎	0	11	12
0FCE	枕	0	11	12
0FD5	又	0	11	12
0FD6	抹	0	11	12
0FD7	末	0	11	12
0FDD	万	0	11	12
0FDE	慢	0	11	12
0FDF	満	0	11	12
0FE1	蔓	0	11	12
0FE2	味	0	11	12
0FE3	未	0	11	12
0FE4	魅	0	11	12
0FE5	巳	0	11	12
0FE8	密	0	11	12
0FE9	蜜	0	11	12
0FED	脈	0	11	12
0FEE	妙	0	11	12
0FF0	民	0	11	12
0FF1	眠	0	11	12
0FF2	務	0	11	12
0FF3	夢	0	11	12
0FF4	無	0	11	12
0FF6	矛	0	11	12
0FF7	霧	0	11	12
0FF8	鵡	0	11	12
0FFB	娘	0	11	12
0FFC	冥	0	11	12
0FFD	名	0	11	12
0FFE	命	0	11	12
0FFF	明	0	11	12
1001	迷	0	11	12
1002	銘	0	11	12
1003	鳴	0	11	12
1004	姪	0	11	12
1005	牝	0	11	12
1006	滅	0	11	12
1009	綿	0	11	12
100B	面	0	11	12
100E	模	0	11	12
100F	茂	0	11	12
1010	妄	0	11	12
1012	毛	0	11	12
1013	猛	0	11	12
1014	盲	0	11	12
1016	耗	0	11	12
1018	儲	0	11	12
1019	木	0	11	12
101A	黙	0	11	12
101B	目	1	8	9
1020	戻	0	11	12
1022	貰	0	11	12
1023	問	0	11	12
1024	悶	0	11	12
1025	紋	0	11	12
1026	門	0	11	12
1029	冶	0	11	12
102A	夜	0	11	12
102D	野	0	11	12
102E	弥	0	11	12
102F	矢	0	11	12
1030	厄	0	11	12
1031	役	0	11	12
1032	約	0	11	12
1033	薬	0	11	12
1034	訳	0	11	12
1035	躍	0	11	12
1036	靖	0	11	12
103C	油	0	11	12
103D	癒	0	11	12
103E	諭	0	11	12
1040	唯	0	11	12
1042	優	0	11	12
1043	勇	0	11	12
1044	友	0	11	12
1046	幽	0	11	12
104A	有	0	11	12
104B	柚	0	11	12
104C	湧	0	11	12
104E	猶	0	11	12
1050	由	0	10	11
1052	裕	0	11	12
1053	誘	0	11	12
1054	遊	0	11	12
1057	雄	0	11	12
1058	融	0	11	12
1059	夕	0	10	11
105A	予	0	11	12
105B	余	0	11	12
105C	与	0	11	12
105D	誉	0	11	12
105F	預	0	11	12
1061	幼	0	11	12
1062	妖	0	11	12
1063	容	0	11	12
1064	庸	0	11	12
1066	揺	0	11	12
1067	擁	0	11	12
1068	曜	0	11	12
106A	様	0	11	12
106B	洋	0	11	12
106C	溶	0	11	12
106E	用	0	11	12
106F	窯	0	11	12
1070	羊	0	11	12
1072	葉	0	11	12
1074	要	0	11	12
1076	踊	0	11	12
1078	陽	0	11	12
1079	養	0	11	12
107B	抑	0	11	12
107C	欲	0	11	12
107F	浴	0	11	12
1081	翼	0	11	12
1083	羅	0	11	12
1084	螺	0	11	12
1085	裸	0	11	12
1086	来	0	11	12
1088	頼	0	11	12
1089	雷	0	11	12
108C	落	0	11	12
108E	乱	0	11	12
108F	卵	0	11	12
1090	嵐	0	11	12
1092	濫	0	11	12
1095	覧	0	11	12
1096	利	0	11	12
1098	履	0	11	12
109B	理	0	11	12
109E	裏	0	11	12
10A0	里	0	11	12
10A1	離	0	11	12
10A2	陸	0	11	12
10A3	律	0	11	12
10A4	率	0	11	12
10A5	立	0	11	12
10A8	略	0	11	12
10AA	流	0	11	12
10AC	琉	0	11	12
10AD	留	0	11	12
10B0	隆	0	11	12
10B1	竜	0	11	12
10B2	竜	0	11	12
10B3	侶	0	11	12
10B4	慮	0	11	12
10B5	旅	0	11	12
10B6	虜	0	11	12
10B7	了	1	9	10
10BA	両	0	11	12
10BC	寮	0	11	12
10BD	料	0	11	12
10BF	涼	0	11	12
10C0	猟	0	11	12
10C1	療	0	11	12
10C5	良	0	11	12
10C8	量	0	11	12
10CA	領	0	11	12
10CB	力	0	10	11
10CC	緑	0	11	12
10CF	林	0	11	12
10D3	臨	0	11	12
10D4	輪	0	11	12
10D5	隣	0	11	12
10D6	鱗	0	11	12
10DA	涙	0	11	12
10DC	類	0	11	12
10DD	令	0	11	12
10DF	例	0	11	12
10E0	冷	0	11	12
10E5	礼	0	11	12
10E7	鈴	0	11	12
10E8	隷	0	11	12
10EA	霊	0	11	12
10EB	麗	0	11	12
10EC	齢	0	11	12
10EE	歴	0	11	12
10EF	列	0	11	12
10F0	劣	0	11	12
10F1	烈	0	11	12
10F2	裂	0	11	12
10F4	恋	0	11	12
10F8	簾	0	11	12
10F9	練	0	11	12
10FA	聯	0	11	12
10FB	蓮	0	11	12
10FC	連	0	11	12
10FD	錬	0	11	12
10FE	呂	0	10	11
1101	炉	0	11	12
1103	路	0	11	12
1104	露	0	11	12
1105	労	0	11	12
1107	廊	0	11	12
1108	弄	0	11	12
110A	楼	0	11	12
110C	浪	0	11	12
110E	牢	0	11	12
110F	狼	0	11	12
1110	篭	0	11	12
1111	老	0	11	12
1112	聾	0	11	12
1114	郎	0	11	12
1115	六	0	11	12
1118	肋	0	11	12
1119	録	0	11	12
111C	和	0	11	12
111D	話	0	11	12
1120	脇	0	11	12
1121	惑	0	11	12
1122	枠	0	11	12
1123	鷲	0	11	12
1124	亙	0	11	12
1126	鰐	0	11	12
112B	湾	0	11	12
112C	碗	0	11	12
112D	腕	0	11	12
1130	瓊	0	11	12
1131	滄	0	11	12
1132	絆	0	11	12
1133	弉	0	11	12
1134	冉	0	11	12
1135	禊	0	11	12
1136	頸	0	11	12
1137	鶉	0	11	12
1138	咫	0	11	12
1139	薔	0	11	12
113A	薇	0	11	12
113B	饒	0	11	12
113C	巫	0	11	12
113D	籠	0	11	12
113E	壺	0	11	12
113F	咬	0	11	12
1140	蜥	0	11	12
1141	蜴	0	11	12
1142	奢	0	11	12
1143	髄	0	11	12
1144	蛟	0	11	12
1145	藪	0	11	12
1146	驕	0	11	12
1147	魑	0	11	12
1148	闖	0	11	12
1149	蝙	0	11	12
114A	蝠	0	11	12
114B	滾	0	11	12
114C	鉤	0	11	12
114D	鍮	0	11	12
114E	咎	0	11	12
114F	徘	0	11	12
1150	徊	0	11	12
1151	棘	0	11	12
1152	嗜	0	11	12
1153	戌	0	11	12
1154	廬	0	11	12
1155	橐	0	11	12
1156	蜚	0	11	12
1157	梟	0	11	12
1158	狡	0	11	12
1159	猾	0	11	12
116C	亞	0	11	12
1172	宣	0	11	12
117A	仭	0	11	12
1184	佶	0	11	12
1188	佻	0	11	12
1190	俔	0	11	12
11A6	俯	0	11	12
11A8	倆	0	11	12
11AE	偈	0	11	12
11B6	傴	0	11	12
11B7	傲	0	11	12
11B8	贄	0	11	12
11B9	睨	0	11	12
11BA	戮	0	11	12
11BB	閻	0	11	12
11BC	蘇	0	11	12
11BD	罠	1	10	11
11C0	踵	0	11	12
11C2	銛	0	11	12
11C3	裔	0	11	12
11C4	憑	0	11	12
11C5	霆	0	11	12
11C7	魃	0	11	12
11C8	羂	0	11	12
11CA	羯	0	11	12
11CB	曼	0	11	12
11CD	咆	0	11	12
11CE	哮	0	11	12
11CF	咤	0	11	12
11D4	槃	0	11	12
11D7	祓	0	11	12
11D8	祀	0	11	12
11D9	熾	0	11	12
11DC	箍	0	11	12
11DE	彷	0	11	12
11DF	徨	0	11	12
11E0	眷	0	11	12
11E1	騙	0	11	12
11E4	芒	0	11	12
11E6	衢	0	11	12
11E7	蛛	0	11	12
11EA	貪	0	11	12
11EC	獰	0	11	12
11ED	刹	0	11	12
11F1	咸	0	11	12
11F2	鵺	0	11	12
11F3	翅	0	11	12
11F6	撰	0	11	12
11F7	瞑	0	11	12
11FA	澤	0	11	12
11FC	浜	0	11	12
